代码,名称,融资买入占成交额%,融资余额占流通市值%,当日涨跌幅%,当日振幅%
000850,华茂股份,238.22,5.35,-9.92,0.0
601579,会稽山,74.67,4.02,-9.99,9.01
688480,赛恩斯,70.58,3.66,1.0,3.13
688391,钜泉科技,49.56,3.08,0.11,2.23
601868,中国能建,43.81,1.77,0.42,1.27
301070,开勒股份,43.38,8.2,0.28,3.95
300985,致远新能,41.56,2.03,-0.29,3.9
688314,康拓医疗,39.12,3.6,0.69,2.54
000510,新金路,38.68,3.94,0.94,3.57
688267,中触媒,36.98,7.41,-0.18,2.15
688093,世华科技,35.9,3.42,1.18,2.37
600926,XD杭州银,34.11,1.9,0.0,1.13
600452,涪陵电力,34.07,3.97,0.46,1.15
301557,常友科技,34.05,8.08,-0.72,4.54
688273,麦澜德,33.45,3.69,-0.2,3.8
