date,code,name,type,detail,amount,category
2026-07-22,000506,招金黄金,龙虎榜,上榜:日涨幅偏离值达到7%的前5只证券;龙虎榜净买 0.5亿,50801959.3,游资
2026-07-22,000779,甘咨询,龙虎榜,上榜:日跌幅偏离值达到7%的前5只证券;龙虎榜净买 -0.1亿,-5484016.0,游资
2026-07-22,000815,美利云,龙虎榜,上榜:日涨幅偏离值达到7%的前5只证券;龙虎榜净买 -0.7亿,-65193259.42,游资
2026-07-22,000889,中嘉博创,龙虎榜,上榜:连续三个交易日内，涨幅偏离值累计达到20%的证券;龙虎榜净买 0.1亿,9287252.49000001,游资
2026-07-22,000938,紫光股份,龙虎榜,上榜:连续三个交易日内，涨幅偏离值累计达到20%的证券;龙虎榜净买 2.8亿,275535786.41,游资
2026-07-22,000975,山金国际,龙虎榜,上榜:连续三个交易日内，涨幅偏离值累计达到20%的证券;龙虎榜净买 -0.9亿,-86748409.24,游资
2026-07-22,001206,依依股份,龙虎榜,上榜:连续三个交易日内，跌幅偏离值累计达到20%的证券;龙虎榜净买 -0.1亿,-10899182.57,游资
2026-07-22,600722,金牛化工,龙虎榜,上榜:有价格涨跌幅限制的日换手率达到20%的前五只证券;龙虎榜净买 0.7亿,68125124.82,游资
2026-07-22,301583,托伦斯,龙虎榜,上榜:日涨幅达到15%的前5只证券;龙虎榜净买 1.9亿,192668794.28,游资
2026-07-22,600227,赤天化,龙虎榜,上榜:有价格涨跌幅限制的日价格振幅达到15%的前五只证券;龙虎榜净买 0.1亿,6516901.0,游资
2026-07-22,001257,盛龙股份,龙虎榜,上榜:日换手率达到20%的前5只证券;龙虎榜净买 0.0亿,3553185.41999999,游资
2026-07-22,001388,信通电子,龙虎榜,上榜:日跌幅偏离值达到7%的前5只证券;龙虎榜净买 0.0亿,1079360.75,游资
2026-07-22,002036,联创电子,龙虎榜,上榜:连续三个交易日内，涨幅偏离值累计达到20%的证券;龙虎榜净买 0.2亿,20959951.76,游资
2026-07-22,002141,贤丰控股,龙虎榜,上榜:日换手率达到20%的前5只证券;龙虎榜净买 1.1亿,106205817.27,游资
2026-07-22,002167,东方锆业,龙虎榜,上榜:日换手率达到20%的前5只证券;龙虎榜净买 -2.1亿,-211561920.5,游资
2026-07-22,002197,证通电子,龙虎榜,上榜:连续三个交易日内，涨幅偏离值累计达到20%的证券;龙虎榜净买 0.8亿,81407159.13,游资
2026-07-22,002396,星网锐捷,龙虎榜,上榜:日换手率达到20%的前5只证券;龙虎榜净买 3.0亿,303776811.63,游资
2026-07-22,002515,金字火腿,龙虎榜,上榜:日涨幅偏离值达到7%的前5只证券;龙虎榜净买 -0.1亿,-8532908.40000001,游资
2026-07-22,002731,*ST萃华,龙虎榜,上榜:日换手率达到20%的前5只证券;龙虎榜净买 -0.1亿,-6553435.9,游资
2026-07-22,000539,粤电力A,龙虎榜,上榜:连续三个交易日内，涨幅偏离值累计达到20%的证券;龙虎榜净买 -0.1亿,-8460427.42000002,游资
2026-07-22,000603,盛达资源,龙虎榜,上榜:日涨幅偏离值达到7%的前5只证券;龙虎榜净买 -0.1亿,-6442710.41,游资
2026-07-22,001309,德明利,龙虎榜,上榜:日跌幅偏离值达到7%的前5只证券;龙虎榜净买 -1.3亿,-126230740.34,游资
2026-07-22,000676,智度股份,龙虎榜,上榜:日振幅值达到15%的前5只证券;龙虎榜净买 -0.3亿,-28844379.1,游资
2026-07-22,600992,贵绳股份,龙虎榜,上榜:非S证券连续三个交易日内收盘价格跌幅偏离值累计达到20%的证券;龙虎榜净买 0.1亿,14669877.03,游资
2026-07-22,002972,科安达,回购,回购进度:董事会预案;已回购 —,,产业资本
2026-07-22,000526,学大教育,龙虎榜,上榜:连续三个交易日内，涨幅偏离值累计达到20%的证券;龙虎榜净买 0.7亿,70767023.46,游资
2026-07-22,300834,星辉环材,龙虎榜,上榜:日涨幅达到15%的前5只证券;龙虎榜净买 -0.0亿,-2725894.84999999,游资
2026-07-22,301190,善水科技,龙虎榜,上榜:连续三个交易日内，涨幅偏离值累计达到30%的证券;龙虎榜净买 -0.6亿,-60937354.1,游资
2026-07-22,301228,实朴检测,龙虎榜,上榜:连续三个交易日内，涨幅偏离值累计达到30%的证券;龙虎榜净买 -0.2亿,-17112895.12,游资
2026-07-22,301234,五洲医疗,龙虎榜,上榜:日涨幅达到15%的前5只证券;龙虎榜净买 0.1亿,14965440.0,游资
2026-07-22,301273,瑞晨环保,龙虎榜,上榜:连续三个交易日内，涨幅偏离值累计达到30%的证券;龙虎榜净买 0.1亿,7370916.35000001,游资
2026-07-22,301520,万邦医药,龙虎榜,上榜:日换手率达到30%的前5只证券;龙虎榜净买 0.2亿,15178830.96,游资
2026-07-22,002577,雷柏科技,回购,回购进度:实施中;已回购 0.0亿,1049591.0,产业资本
2026-07-22,301536,星宸科技,龙虎榜,上榜:连续三个交易日内，涨幅偏离值累计达到30%的证券;龙虎榜净买 -9.2亿,-922645753.31,游资
2026-07-22,300164,通源石油,龙虎榜,上榜:日换手率达到30%的前5只证券;龙虎榜净买 -0.6亿,-62822272.0,游资
2026-07-22,600176,中国巨石,龙虎榜,上榜:有价格涨跌幅限制的日收盘价格跌幅偏离值达到7%的前五只证券;龙虎榜净买 -6.0亿,-595115771.12,游资
2026-07-22,300688,创业黑马,龙虎榜,上榜:日涨幅达到15%的前5只证券;龙虎榜净买 0.9亿,94198286.35,游资
2026-07-22,600289,ST信通,龙虎榜,上榜:非S证券连续三个交易日内收盘价格跌幅偏离值累计达到20%的证券;龙虎榜净买 -0.0亿,-4982328.05,游资
2026-07-22,600403,大有能源,龙虎榜,上榜:有价格涨跌幅限制的日收盘价格涨幅偏离值达到7%的前五只证券;龙虎榜净买 0.2亿,19174366.7,游资
2026-07-22,600602,云赛智联,龙虎榜,上榜:有价格涨跌幅限制的日价格振幅达到15%的前五只证券;龙虎榜净买 -0.9亿,-92004860.16,游资
2026-07-22,600605,汇通能源,龙虎榜,上榜:有价格涨跌幅限制的日收盘价格跌幅偏离值达到7%的前五只证券;龙虎榜净买 -0.2亿,-18369308.98,游资
2026-07-22,600664,哈药股份,龙虎榜,上榜:有价格涨跌幅限制的日换手率达到20%的前五只证券;龙虎榜净买 -1.9亿,-189498417.07,游资
2026-07-22,123118,惠城转债,龙虎榜,上榜:日涨幅达到15%的前5只可转债;龙虎榜净买 0.1亿,5297785.75999999,游资
2026-07-22,118064,联瑞转债,龙虎榜,"上榜:非上市首日,当日收盘价跌幅达15%的前五只可转债;龙虎榜净买 -0.1亿",-12090740.0,游资
2026-07-22,300534,陇神戎发,龙虎榜,上榜:日换手率达到30%的前5只证券;龙虎榜净买 -0.5亿,-51788770.5,游资
2026-07-22,003001,中岩大地,龙虎榜,上榜:日跌幅偏离值达到7%的前5只证券;龙虎榜净买 -1.0亿,-101307349.6,游资
2026-07-22,300779,惠城环保,龙虎榜,上榜:连续三个交易日内，涨幅偏离值累计达到30%的证券;龙虎榜净买 2.7亿,269778795.62,游资
2026-07-22,002816,*ST和科,龙虎榜,上榜:连续三个交易日内，跌幅偏离值累计达到20%的证券;龙虎榜净买 -0.0亿,-2419458.47,游资
2026-07-22,600396,华电辽能,龙虎榜,上榜:有价格涨跌幅限制的日收盘价格涨幅偏离值达到7%的前五只证券;龙虎榜净买 2.8亿,283241830.92,游资
2026-07-22,300795,米奥会展,龙虎榜,上榜:日换手率达到30%的前5只证券;龙虎榜净买 -0.1亿,-9098024.76,游资
2026-07-22,001288,运机集团,龙虎榜,上榜:连续三个交易日内，涨幅偏离值累计达到20%的证券;龙虎榜净买 -0.0亿,-3997706.13999999,游资
2026-07-22,301290,东星医疗,回购,回购进度:董事会预案;已回购 —,,产业资本
2026-07-22,603608,天创时尚,龙虎榜,上榜:非S证券连续三个交易日内收盘价格跌幅偏离值累计达到20%的证券;龙虎榜净买 1.8亿,179716961.0,游资
2026-07-22,603629,利通电子,龙虎榜,上榜:非S证券连续三个交易日内收盘价格涨幅偏离值累计达到20%的证券;龙虎榜净买 2.0亿,200843066.01,游资
2026-07-22,603665,康隆达,龙虎榜,上榜:非S证券连续三个交易日内收盘价格跌幅偏离值累计达到20%的证券;龙虎榜净买 0.1亿,12466704.0,游资
2026-07-22,603459,红板科技,龙虎榜,上榜:有价格涨跌幅限制的日换手率达到20%的前五只证券;龙虎榜净买 3.5亿,351439671.98,游资
2026-07-22,603669,灵康药业,龙虎榜,上榜:有价格涨跌幅限制的日价格振幅达到15%的前五只证券;龙虎榜净买 0.6亿,62223228.98,游资
2026-07-22,603538,美诺华,龙虎榜,上榜:有价格涨跌幅限制的日换手率达到20%的前五只证券;龙虎榜净买 0.5亿,46769978.26,游资
2026-07-22,603757,大元泵业,龙虎榜,上榜:非S证券连续三个交易日内收盘价格跌幅偏离值累计达到20%的证券;龙虎榜净买 1.0亿,102739445.16,游资
2026-07-22,600821,金开新能,龙虎榜,上榜:非S证券连续三个交易日内收盘价格涨幅偏离值累计达到20%的证券;龙虎榜净买 0.3亿,25256842.09,游资
2026-07-22,920267,鑫汇科,龙虎榜,上榜:当日换手率达到20%的前5只股票;龙虎榜净买 -0.2亿,-21496336.1,游资
2026-07-22,603725,天安新材,龙虎榜,上榜:有价格涨跌幅限制的日收盘价格涨幅偏离值达到7%的前五只证券;龙虎榜净买 -0.5亿,-54680485.68,游资
2026-07-22,688049,炬芯科技,龙虎榜,上榜:有价格涨跌幅限制的日收盘价格涨幅达到15%的前五只证券;龙虎榜净买 0.3亿,27738116.17,游资
2026-07-22,920072,科莱瑞迪,龙虎榜,上榜:当日换手率达到20%的前5只股票;龙虎榜净买 -0.1亿,-13921138.39,游资
2026-07-22,920099,瑞华技术,大宗交易,"成交价 20.78,折溢率 +0.00%,买方 开源证券股份有限公司杭州婺江路证券营业部",1037919.44,产业资本
2026-07-22,605196,华通线缆,龙虎榜,上榜:非S证券连续三个交易日内收盘价格涨幅偏离值累计达到20%的证券;龙虎榜净买 -0.3亿,-27778340.3,游资
2026-07-22,688066,*ST航图,龙虎榜,上榜:有价格涨跌幅限制的连续3个交易日内收盘价格跌幅偏离值累计达到30%的证券;龙虎榜净买 0.2亿,24777497.17,游资
2026-07-22,603398,*ST沐邦,龙虎榜,上榜:有价格涨跌幅限制的日收盘价格跌幅偏离值达到7%的前五只证券;龙虎榜净买 0.0亿,1092264.0,游资
2026-07-22,603120,肯特催化,龙虎榜,上榜:有价格涨跌幅限制的日换手率达到20%的前五只证券;龙虎榜净买 0.3亿,33309281.64,游资
2026-07-22,920117,龙鑫智能,龙虎榜,上榜:当日换手率达到20%的前5只股票;龙虎榜净买 0.0亿,2289497.21,游资
2026-07-22,603683,晶华新材,龙虎榜,上榜:有价格涨跌幅限制的日收盘价格跌幅偏离值达到7%的前五只证券;龙虎榜净买 -0.8亿,-79962655.32,游资
2026-07-22,603803,瑞斯康达,龙虎榜,上榜:有价格涨跌幅限制的日收盘价格涨幅偏离值达到7%的前五只证券;龙虎榜净买 0.1亿,12614018.96,游资
2026-07-22,920088,科力股份,龙虎榜,上榜:当日换手率达到20%的前5只股票;龙虎榜净买 -0.1亿,-7675752.62,游资
2026-07-22,603162,海通发展,龙虎榜,上榜:有价格涨跌幅限制的日收盘价格涨幅偏离值达到7%的前五只证券;龙虎榜净买 0.4亿,36138987.35,游资
2026-07-22,603580,艾艾精工,龙虎榜,上榜:有价格涨跌幅限制的日价格振幅达到15%的前五只证券;龙虎榜净买 -0.0亿,-1518319.94999999,游资
2026-07-22,603519,立霸股份,龙虎榜,上榜:非S证券连续三个交易日内收盘价格跌幅偏离值累计达到20%的证券;龙虎榜净买 0.1亿,10491219.0,游资
2026-07-22,300802,矩子科技,回购,回购进度:实施中;已回购 0.0亿,2567163.0,产业资本
2026-07-22,301115,联检科技,回购,回购进度:nan;已回购 —,,产业资本
2026-07-22,300852,四会富仕,回购,回购进度:董事会预案;已回购 —,,产业资本
2026-07-22,300790,宇瞳光学,回购,回购进度:董事会预案;已回购 —,,产业资本
2026-07-22,300720,海川智能,回购,回购进度:董事会预案;已回购 —,,产业资本
2026-07-22,002931,锋龙股份,回购,回购进度:nan;已回购 —,,产业资本
2026-07-22,002370,亚太药业,回购,回购进度:nan;已回购 —,,产业资本
2026-07-22,603201,常润股份,回购,回购进度:董事会预案;已回购 —,,产业资本
2026-07-22,002913,奥士康,回购,回购进度:实施中;已回购 0.1亿,10413761.65,产业资本
2026-07-22,600382,广东明珠,回购,回购进度:nan;已回购 —,,产业资本
2026-07-22,603037,凯众股份,回购,回购进度:股东大会通过;已回购 —,,产业资本
2026-07-22,600580,卧龙电驱,回购,回购进度:nan;已回购 —,,产业资本
2026-07-22,688091,上海谊众,回购,回购进度:实施中;已回购 0.0亿,3021993.9,产业资本
2026-07-22,688429,时创能源,回购,回购进度:董事会预案;已回购 —,,产业资本
2026-07-22,920717,瑞星股份,回购,回购进度:董事会预案;已回购 —,,产业资本
2026-07-22,600726,华电能源,龙虎榜,上榜:非S证券连续三个交易日内收盘价格涨幅偏离值累计达到20%的证券;龙虎榜净买 -0.9亿,-86908529.2700001,游资
2026-07-22,300408,三环集团,回购,回购进度:实施中;已回购 0.3亿,31479711.0,产业资本
2026-07-22,600346,恒力石化,回购,回购进度:实施中;已回购 1.7亿,171022600.0,产业资本
2026-07-22,920305,云创退,龙虎榜,上榜:当日换手率达到20%的前5只股票;龙虎榜净买 0.0亿,1095229.57,游资
2026-07-22,001258,立新能源,龙虎榜,上榜:连续三个交易日内，涨幅偏离值累计达到20%的证券;龙虎榜净买 1.8亿,182004133.16,游资
2026-07-22,301026,浩通科技,回购,回购进度:完成实施;已回购 0.5亿,52838321.8,产业资本
2026-07-22,601718,ST际华,回购,回购进度:股东大会通过;已回购 —,,产业资本
2026-07-22,002318,久立特材,回购,回购进度:董事会预案;已回购 —,,产业资本
2026-07-22,688085,三友医疗,回购,回购进度:董事会预案;已回购 —,,产业资本
2026-07-22,603288,海天味业,回购,回购进度:实施中;已回购 0.3亿,29990999.0,产业资本
2026-07-22,603588,高能环境,回购,回购进度:董事会预案;已回购 —,,产业资本
2026-07-22,920078,族兴新材,大宗交易,"成交价 19.42,折溢率 -0.02%,买方 中信证券华南股份有限公司江门冈州大道证券营业部",3884000.0,产业资本
2026-07-22,000933,神火股份,大宗交易,"成交价 23.43,折溢率 -0.06%,买方 招商证券股份有限公司济南经十路证券营业部",4686000.0,产业资本
2026-07-22,000933,神火股份,大宗交易,"成交价 23.43,折溢率 -0.06%,买方 华泰证券股份有限公司南京分公司",3280200.0,产业资本
2026-07-22,000933,神火股份,大宗交易,"成交价 23.43,折溢率 -0.06%,买方 广发证券股份有限公司沧州解放路证券营业部",4217400.0,产业资本
2026-07-22,000933,神火股份,大宗交易,"成交价 23.43,折溢率 -0.06%,买方 广发证券股份有限公司金华光南路证券营业部",4217400.0,产业资本
2026-07-22,000933,神火股份,大宗交易,"成交价 23.43,折溢率 -0.06%,买方 机构专用",29287500.0,产业资本
2026-07-22,601857,中国石油,大宗交易,"成交价 10.92,折溢率 +0.00%,买方 国泰海通证券股份有限公司总部",13759200.0,产业资本
2026-07-22,000933,神火股份,大宗交易,"成交价 23.43,折溢率 -0.06%,买方 中信证券股份有限公司徐州建国西路证券营业部",7966200.0,产业资本
2026-07-22,000012,南玻A,大宗交易,"成交价 3.75,折溢率 +0.00%,买方 国泰海通证券股份有限公司深圳高新园证券营业部",105000000.0,产业资本
2026-07-22,000933,神火股份,大宗交易,"成交价 23.43,折溢率 -0.06%,买方 机构专用",2343000.0,产业资本
2026-07-22,000933,神火股份,大宗交易,"成交价 23.43,折溢率 -0.06%,买方 国信证券股份有限公司上海浦东分公司",7497600.0,产业资本
2026-07-22,000933,神火股份,大宗交易,"成交价 23.43,折溢率 -0.06%,买方 机构专用",7966200.0,产业资本
2026-07-22,000933,神火股份,大宗交易,"成交价 23.43,折溢率 -0.06%,买方 华泰证券股份有限公司南京庐山路证券营业部",4217400.0,产业资本
2026-07-22,000933,神火股份,大宗交易,"成交价 23.43,折溢率 -0.06%,买方 中信证券股份有限公司苏州分公司",4686000.0,产业资本
2026-07-22,000933,神火股份,大宗交易,"成交价 23.43,折溢率 -0.06%,买方 中信证券股份有限公司上海世博馆路证券营业部",3045900.0,产业资本
2026-07-22,000938,紫光股份,大宗交易,"成交价 43.55,折溢率 -0.03%,买方 西部证券股份有限公司西安东大街证券营业部",45727500.0,产业资本
2026-07-22,001255,博菲电气,大宗交易,"成交价 19.6,折溢率 -0.07%,买方 光大证券股份有限公司宁波北仑新碶证券营业部",6272000.0,产业资本
2026-07-22,002109,ST兴化,大宗交易,"成交价 2.46,折溢率 +0.00%,买方 开源证券股份有限公司西安高新分公司",1230000.0,产业资本
2026-07-22,000933,神火股份,大宗交易,"成交价 23.43,折溢率 -0.06%,买方 国信证券股份有限公司上海浦东分公司",9372000.0,产业资本
2026-07-22,002165,红宝丽,大宗交易,"成交价 5.32,折溢率 -0.10%,买方 浙商证券股份有限公司青田涌潮街证券营业部",5320000.0,产业资本
2026-07-22,000933,神火股份,大宗交易,"成交价 23.43,折溢率 -0.06%,买方 浙商证券股份有限公司上海长乐路证券营业部",8434800.0,产业资本
2026-07-22,002165,红宝丽,大宗交易,"成交价 5.32,折溢率 -0.10%,买方 中国银河证券股份有限公司杭州建国北路证券营业部",2128000.0,产业资本
2026-07-22,000933,神火股份,大宗交易,"成交价 23.43,折溢率 -0.06%,买方 华泰证券股份有限公司江阴福泰路证券营业部",14058000.0,产业资本
2026-07-22,002191,劲嘉股份,大宗交易,"成交价 3.62,折溢率 +0.00%,买方 中国银河证券股份有限公司北京双井证券营业部",6878000.0,产业资本
2026-07-22,002352,顺丰控股,回购,回购进度:完成实施;已回购 60.0亿,5999000000.0,产业资本
2026-07-22,601865,福莱特,大宗交易,"成交价 8.4,折溢率 -0.12%,买方 广发证券股份有限公司杭州学院路证券营业部",9996000.0,产业资本
2026-07-22,603050,科林电气,大宗交易,"成交价 15.61,折溢率 -0.08%,买方 瑞银证券有限责任公司上海花园石桥路证券营业部",9366000.0,产业资本
2026-07-22,002634,*ST棒杰,大宗交易,"成交价 3.95,折溢率 +0.13%,买方 东方证券股份有限公司上海黄浦区中华路证券营业部",1975000.0,产业资本
2026-07-22,002634,*ST棒杰,大宗交易,"成交价 3.95,折溢率 +0.13%,买方 东方证券股份有限公司上海黄浦区中华路证券营业部",1975000.0,产业资本
2026-07-22,002634,*ST棒杰,大宗交易,"成交价 3.95,折溢率 +0.13%,买方 东方证券股份有限公司上海黄浦区中华路证券营业部",1975000.0,产业资本
2026-07-22,300124,汇川技术,大宗交易,"成交价 61.59,折溢率 +0.00%,买方 机构专用",61590000.0,产业资本
2026-07-22,300750,宁德时代,大宗交易,"成交价 374.77,折溢率 +0.01%,买方 机构专用",115616500.0,产业资本
2026-07-22,300761,立华股份,大宗交易,"成交价 14.62,折溢率 -0.20%,买方 中国银河证券股份有限公司上海浦东新区上南路证券营业部",3070200.0,产业资本
2026-07-22,300827,上能电气,大宗交易,"成交价 23.99,折溢率 +0.00%,买方 中信证券股份有限公司深圳后海证券营业部",2284800.0,产业资本
2026-07-22,000933,神火股份,大宗交易,"成交价 23.43,折溢率 -0.06%,买方 浙商证券股份有限公司绍兴分公司",4686000.0,产业资本
2026-07-22,000933,神火股份,大宗交易,"成交价 23.43,折溢率 -0.06%,买方 国都证券股份有限公司江苏分公司",3514500.0,产业资本
2026-07-22,000933,神火股份,大宗交易,"成交价 23.43,折溢率 -0.06%,买方 国信证券股份有限公司上海浦东分公司",15932400.0,产业资本
2026-07-22,300827,上能电气,大宗交易,"成交价 23.76,折溢率 -0.01%,买方 招商证券股份有限公司深圳前海大道证券营业部",8220900.0,产业资本
2026-07-22,301148,嘉戎技术,大宗交易,"成交价 34.5,折溢率 -0.16%,买方 国信证券股份有限公司福建分公司",20700000.0,产业资本
2026-07-22,301552,科力装备,大宗交易,"成交价 19.75,折溢率 -0.01%,买方 中信建投证券股份有限公司北京东城分公司",2962500.0,产业资本
2026-07-22,301566,达利凯普,大宗交易,"成交价 22.12,折溢率 -0.01%,买方 机构专用",22120000.0,产业资本
2026-07-22,301633,港迪技术,大宗交易,"成交价 50.5,折溢率 -0.02%,买方 东海证券股份有限公司上海浦东新区东方路分公司",7575000.0,产业资本
2026-07-22,600031,三一重工,大宗交易,"成交价 19.65,折溢率 -0.01%,买方 机构专用",78600000.0,产业资本
2026-07-22,600660,福耀玻璃,大宗交易,"成交价 55.69,折溢率 +0.00%,买方 国泰海通证券股份有限公司总部",6916700.0,产业资本
2026-07-22,600728,佳都科技,大宗交易,"成交价 4.46,折溢率 +0.00%,买方 国泰海通证券股份有限公司总部",6679300.0,产业资本
2026-07-22,002384,东山精密,大宗交易,"成交价 217.5,折溢率 +0.00%,买方 中信证券股份有限公司泉州温陵北路证券营业部",3262500.0,产业资本
2026-07-22,002422,科伦药业,大宗交易,"成交价 49.22,折溢率 +0.00%,买方 机构专用",112969500.0,产业资本
2026-07-22,002539,云图控股,大宗交易,"成交价 10.36,折溢率 +0.00%,买方 机构专用",3580400.0,产业资本
2026-07-22,301026,浩通科技,大宗交易,"成交价 13.94,折溢率 -0.20%,买方 国泰海通证券股份有限公司广州天河北路证券营业部",13940000.0,产业资本
2026-07-22,000933,神火股份,大宗交易,"成交价 23.43,折溢率 -0.06%,买方 机构专用",17572500.0,产业资本
2026-07-22,300926,博俊科技,大宗交易,"成交价 16.33,折溢率 +0.00%,买方 机构专用",13717200.0,产业资本
2026-07-22,603050,科林电气,大宗交易,"成交价 15.61,折溢率 -0.08%,买方 机构专用",2029300.0,产业资本
2026-07-22,603061,金海通,大宗交易,"成交价 289.59,折溢率 -0.08%,买方 中信证券股份有限公司徐州建国西路证券营业部",5009900.0,产业资本
2026-07-22,603061,金海通,大宗交易,"成交价 289.59,折溢率 -0.08%,买方 东北证券股份有限公司南通世纪大道证券营业部",2027100.0,产业资本
2026-07-22,603061,金海通,大宗交易,"成交价 289.59,折溢率 -0.08%,买方 民生证券股份有限公司苏州分公司",2606300.0,产业资本
2026-07-22,603061,金海通,大宗交易,"成交价 289.59,折溢率 -0.08%,买方 中国中金财富证券有限公司深圳中金大厦证券营业部",2027100.0,产业资本
2026-07-22,603061,金海通,大宗交易,"成交价 289.59,折溢率 -0.08%,买方 民生证券股份有限公司苏州分公司",3475100.0,产业资本
2026-07-22,603050,科林电气,大宗交易,"成交价 15.61,折溢率 -0.08%,买方 华鑫证券有限责任公司深圳分公司",2029300.0,产业资本
2026-07-22,603061,金海通,大宗交易,"成交价 289.59,折溢率 -0.08%,买方 东北证券股份有限公司总部",2027100.0,产业资本
2026-07-22,603050,科林电气,大宗交易,"成交价 15.61,折溢率 -0.08%,买方 广发证券股份有限公司总部",14049000.0,产业资本
2026-07-22,603061,金海通,大宗交易,"成交价 289.59,折溢率 -0.08%,买方 广发证券股份有限公司总部",4633400.0,产业资本
2026-07-22,603050,科林电气,大宗交易,"成交价 15.61,折溢率 -0.08%,买方 机构专用",2029300.0,产业资本
2026-07-22,603061,金海通,大宗交易,"成交价 289.59,折溢率 -0.08%,买方 瑞银证券有限责任公司上海花园石桥路证券营业部",6950200.0,产业资本
2026-07-22,603226,菲林格尔,大宗交易,"成交价 41.44,折溢率 -0.09%,买方 机构专用",2072000.0,产业资本
2026-07-22,601865,福莱特,大宗交易,"成交价 8.4,折溢率 -0.12%,买方 广发证券股份有限公司杭州学院路证券营业部",9996000.0,产业资本
2026-07-22,603061,金海通,大宗交易,"成交价 289.59,折溢率 -0.08%,买方 机构专用",2027100.0,产业资本
2026-07-22,603061,金海通,大宗交易,"成交价 289.59,折溢率 -0.08%,买方 长江证券股份有限公司北京百万庄大街证券营业部",2982800.0,产业资本
2026-07-22,603733,仙鹤股份,大宗交易,"成交价 20.98,折溢率 +0.00%,买方 中国国际金融股份有限公司北京建国门外大街证券营业部",7506600.0,产业资本
2026-07-22,600989,宝丰能源,大宗交易,"成交价 23.72,折溢率 +0.00%,买方 申万宏源证券有限公司证券投资总部",50001800.0,产业资本
2026-07-22,603061,金海通,大宗交易,"成交价 289.59,折溢率 -0.08%,买方 国泰海通证券股份有限公司总部",2895900.0,产业资本
2026-07-22,603061,金海通,大宗交易,"成交价 289.59,折溢率 -0.08%,买方 长城证券股份有限公司总部",2027100.0,产业资本
2026-07-22,603061,金海通,大宗交易,"成交价 289.59,折溢率 -0.08%,买方 中信证券股份有限公司总部(非营业场所)",5067800.0,产业资本
2026-07-22,300857,协创数据,大宗交易,"成交价 240.0,折溢率 -0.04%,买方 国泰海通证券股份有限公司深圳滨海大道创投大厦证券营业部",19200000.0,产业资本
2026-07-22,603061,金海通,大宗交易,"成交价 289.59,折溢率 -0.08%,买方 国泰海通证券股份有限公司总部",4343900.0,产业资本
2026-07-22,603288,海天味业,大宗交易,"成交价 36.52,折溢率 +0.00%,买方 广发证券股份有限公司佛山禅城石湾证券营业部",16196600.0,产业资本
2026-07-22,603061,金海通,大宗交易,"成交价 289.59,折溢率 -0.08%,买方 华泰证券股份有限公司广州云城东路证券营业部",2027100.0,产业资本
2026-07-22,603061,金海通,大宗交易,"成交价 289.59,折溢率 -0.08%,买方 国联民生证券股份有限公司无锡金融一街证券营业部",2027100.0,产业资本
2026-07-22,688166,博瑞医药,大宗交易,"成交价 28.07,折溢率 -0.29%,买方 中国银河证券股份有限公司上海浦东新区上南路证券营业部",5754400.0,产业资本
2026-07-22,688168,安博通,大宗交易,"成交价 38.21,折溢率 -0.02%,买方 机构专用",27129100.0,产业资本
2026-07-22,688105,诺唯赞,大宗交易,"成交价 15.7,折溢率 -0.07%,买方 华泰证券股份有限公司深圳后海中心路证券营业部",4000000.0,产业资本
2026-07-22,688409,富创精密,大宗交易,"成交价 176.85,折溢率 -0.08%,买方 国联民生证券股份有限公司总部",2122200.0,产业资本
2026-07-22,688105,诺唯赞,大宗交易,"成交价 15.7,折溢率 -0.07%,买方 中信证券股份有限公司四川分公司",2000000.0,产业资本
2026-07-22,688409,富创精密,大宗交易,"成交价 176.85,折溢率 -0.08%,买方 机构专用",5305500.0,产业资本
2026-07-22,688105,诺唯赞,大宗交易,"成交价 15.7,折溢率 -0.07%,买方 中信证券股份有限公司上海浦东新区东方路证券营业部",2000000.0,产业资本
2026-07-22,688653,康希通信,大宗交易,"成交价 10.0,折溢率 -0.12%,买方 华泰证券股份有限公司上海徐汇区龙启路证券营业部",11000000.0,产业资本
2026-07-22,688168,安博通,大宗交易,"成交价 38.21,折溢率 -0.02%,买方 机构专用",18340800.0,产业资本
2026-07-22,688779,五矿新能,大宗交易,"成交价 6.21,折溢率 -0.10%,买方 广发证券股份有限公司总部",3105000.0,产业资本
2026-07-22,688596,正帆科技,大宗交易,"成交价 47.41,折溢率 +0.00%,买方 国泰海通证券股份有限公司总部",9482000.0,产业资本
2026-07-22,688779,五矿新能,大宗交易,"成交价 6.21,折溢率 -0.10%,买方 机构专用",1863000.0,产业资本
2026-07-22,688409,富创精密,大宗交易,"成交价 176.85,折溢率 -0.08%,买方 机构专用",26527500.0,产业资本
2026-07-22,688779,五矿新能,大宗交易,"成交价 6.21,折溢率 -0.10%,买方 机构专用",1863000.0,产业资本
2026-07-22,688779,五矿新能,大宗交易,"成交价 6.21,折溢率 -0.10%,买方 中信证券股份有限公司上海世博馆路证券营业部",1863000.0,产业资本
2026-07-22,688779,五矿新能,大宗交易,"成交价 6.21,折溢率 -0.10%,买方 广发证券股份有限公司总部",3850200.0,产业资本
2026-07-22,688729,屹唐股份,大宗交易,"成交价 28.82,折溢率 -0.02%,买方 机构专用",10087000.0,产业资本
2026-07-22,688779,五矿新能,大宗交易,"成交价 6.21,折溢率 -0.10%,买方 机构专用",3005600.0,产业资本
2026-07-22,603811,诚意药业,大宗交易,"成交价 6.4,折溢率 -0.09%,买方 中信证券股份有限公司温州分公司",2496000.0,产业资本
2026-07-22,605365,立达信,大宗交易,"成交价 11.1,折溢率 -0.09%,买方 信达证券股份有限公司漳州新华东路证券营业部",111000000.0,产业资本
2026-07-22,688779,五矿新能,大宗交易,"成交价 6.21,折溢率 -0.10%,买方 东北证券股份有限公司总部",1863000.0,产业资本
2026-07-22,688779,五矿新能,大宗交易,"成交价 6.21,折溢率 -0.10%,买方 机构专用",1863000.0,产业资本
2026-07-22,688779,五矿新能,大宗交易,"成交价 6.21,折溢率 -0.10%,买方 国泰海通证券股份有限公司总部",2359800.0,产业资本
2026-07-22,688105,诺唯赞,大宗交易,"成交价 15.7,折溢率 -0.07%,买方 国泰海通证券股份有限公司海口秀英长滨路证券营业部",2000000.0,产业资本
2026-07-23,301358,湖南裕能,大宗交易,"成交价 60.0,折溢率 -0.09%,买方 机构专用",2040000.0,产业资本
2026-07-23,300124,汇川技术,大宗交易,"成交价 62.03,折溢率 -0.01%,买方 机构专用",112150200.0,产业资本
2026-07-23,301358,湖南裕能,大宗交易,"成交价 60.0,折溢率 -0.09%,买方 机构专用",2040000.0,产业资本
2026-07-23,301358,湖南裕能,大宗交易,"成交价 60.0,折溢率 -0.09%,买方 机构专用",2040000.0,产业资本
2026-07-23,301358,湖南裕能,大宗交易,"成交价 60.0,折溢率 -0.09%,买方 机构专用",2040000.0,产业资本
2026-07-23,301358,湖南裕能,大宗交易,"成交价 60.0,折溢率 -0.09%,买方 机构专用",2040000.0,产业资本
2026-07-23,301358,湖南裕能,大宗交易,"成交价 60.0,折溢率 -0.09%,买方 机构专用",2040000.0,产业资本
2026-07-23,301358,湖南裕能,大宗交易,"成交价 60.0,折溢率 -0.09%,买方 机构专用",2040000.0,产业资本
2026-07-23,301552,科力装备,大宗交易,"成交价 20.1,折溢率 -0.01%,买方 中信建投证券股份有限公司北京东城分公司",3765400.0,产业资本
2026-07-23,301358,湖南裕能,大宗交易,"成交价 60.0,折溢率 -0.09%,买方 机构专用",2640000.0,产业资本
2026-07-23,301358,湖南裕能,大宗交易,"成交价 60.0,折溢率 -0.09%,买方 机构专用",4200000.0,产业资本
2026-07-23,301358,湖南裕能,大宗交易,"成交价 60.0,折溢率 -0.09%,买方 机构专用",2400000.0,产业资本
2026-07-23,300136,信维通信,大宗交易,"成交价 51.6,折溢率 -0.22%,买方 华西证券股份有限公司南通工农路证券营业部",2420000.0,产业资本
2026-07-23,301358,湖南裕能,大宗交易,"成交价 60.0,折溢率 -0.09%,买方 机构专用",2040000.0,产业资本
2026-07-23,600036,招商银行,大宗交易,"成交价 38.91,折溢率 +0.00%,买方 机构专用",24435500.0,产业资本
2026-07-23,600066,宇通客车,大宗交易,"成交价 32.18,折溢率 +0.00%,买方 广发证券股份有限公司北京鲁谷路证券营业部",44791300.0,产业资本
2026-07-23,600110,诺德股份,大宗交易,"成交价 8.0,折溢率 -0.12%,买方 广发证券股份有限公司深圳福华一路证券营业部",3250400.0,产业资本
2026-07-23,600428,中远海特,大宗交易,"成交价 11.04,折溢率 +0.00%,买方 广发证券股份有限公司北京鲁谷路证券营业部",22035800.0,产业资本
2026-07-23,600459,贵研铂业,大宗交易,"成交价 16.4,折溢率 -0.11%,买方 广发证券股份有限公司深圳福华一路证券营业部",10305800.0,产业资本
2026-07-23,688105,诺唯赞,大宗交易,"成交价 15.75,折溢率 -0.07%,买方 机构专用",5040000.0,产业资本
2026-07-23,601865,福莱特,大宗交易,"成交价 8.59,折溢率 -0.12%,买方 广发证券股份有限公司杭州学院路证券营业部",22978300.0,产业资本
2026-07-23,603050,科林电气,大宗交易,"成交价 17.18,折溢率 -0.08%,买方 中信建投证券股份有限公司北京方庄路证券营业部",2233400.0,产业资本
2026-07-23,301633,港迪技术,大宗交易,"成交价 53.21,折溢率 -0.01%,买方 东海证券股份有限公司上海浦东新区东方路分公司",7981500.0,产业资本
2026-07-23,002900,哈三联,龙虎榜,上榜:连续三个交易日内，涨幅偏离值累计达到20%的证券;龙虎榜净买 0.4亿,36333155.04,游资
2026-07-23,301609,山大电力,大宗交易,"成交价 37.7,折溢率 -0.01%,买方 中信证券股份有限公司北京呼家楼证券营业部",18850000.0,产业资本
2026-07-23,301358,湖南裕能,大宗交易,"成交价 60.0,折溢率 -0.09%,买方 机构专用",2040000.0,产业资本
2026-07-23,603050,科林电气,大宗交易,"成交价 17.18,折溢率 -0.08%,买方 广发证券股份有限公司总部",8590000.0,产业资本
2026-07-23,601865,福莱特,大宗交易,"成交价 8.59,折溢率 -0.12%,买方 广发证券股份有限公司杭州学院路证券营业部",24996900.0,产业资本
2026-07-23,301358,湖南裕能,大宗交易,"成交价 60.0,折溢率 -0.09%,买方 机构专用",2400000.0,产业资本
2026-07-23,002973,侨银股份,大宗交易,"成交价 8.52,折溢率 -0.07%,买方 甬兴证券有限公司宁波分公司",2130000.0,产业资本
2026-07-23,301308,江波龙,大宗交易,"成交价 375.85,折溢率 +0.00%,买方 广发证券股份有限公司无锡太湖东大道证券营业部",2255100.0,产业资本
2026-07-23,601065,江盐集团,大宗交易,"成交价 5.9,折溢率 -0.13%,买方 申万宏源证券有限公司上海金山区蒙山路证券营业部",8999900.0,产业资本
2026-07-23,600031,三一重工,大宗交易,"成交价 19.77,折溢率 -0.01%,买方 机构专用",53670700.0,产业资本
2026-07-23,002191,劲嘉股份,大宗交易,"成交价 3.65,折溢率 -0.00%,买方 中国银河证券股份有限公司北京双井证券营业部",6402100.0,产业资本
2026-07-23,002422,科伦药业,大宗交易,"成交价 51.35,折溢率 +0.00%,买方 机构专用",80629800.0,产业资本
2026-07-23,002422,科伦药业,大宗交易,"成交价 51.35,折溢率 +0.00%,买方 机构专用",7232100.0,产业资本
2026-07-23,002634,*ST棒杰,大宗交易,"成交价 3.86,折溢率 +0.03%,买方 东方证券股份有限公司上海黄浦区中华路证券营业部",1930000.0,产业资本
2026-07-23,002634,*ST棒杰,大宗交易,"成交价 3.86,折溢率 +0.03%,买方 东方证券股份有限公司上海黄浦区中华路证券营业部",1930000.0,产业资本
2026-07-23,002973,侨银股份,大宗交易,"成交价 8.42,折溢率 -0.09%,买方 机构专用",2105000.0,产业资本
2026-07-23,002973,侨银股份,大宗交易,"成交价 8.52,折溢率 -0.07%,买方 机构专用",2130000.0,产业资本
2026-07-23,003009,中天火箭,大宗交易,"成交价 46.36,折溢率 -0.12%,买方 招商证券股份有限公司济南经十路证券营业部",4636000.0,产业资本
2026-07-23,003009,中天火箭,大宗交易,"成交价 46.36,折溢率 -0.12%,买方 浙商证券股份有限公司上海长乐路证券营业部",4636000.0,产业资本
2026-07-23,301308,江波龙,大宗交易,"成交价 375.85,折溢率 +0.00%,买方 广发证券股份有限公司无锡太湖东大道证券营业部",2255100.0,产业资本
2026-07-23,002634,*ST棒杰,大宗交易,"成交价 3.86,折溢率 +0.03%,买方 东方证券股份有限公司上海黄浦区中华路证券营业部",1930000.0,产业资本
2026-07-23,002773,康弘药业,大宗交易,"成交价 22.33,折溢率 +0.04%,买方 申万宏源证券有限公司长沙湘江中路证券营业部",2002200.0,产业资本
2026-07-23,300124,汇川技术,大宗交易,"成交价 62.36,折溢率 +0.00%,买方 机构专用",187080000.0,产业资本
2026-07-23,300308,中际旭创,大宗交易,"成交价 1072.52,折溢率 +0.00%,买方 机构专用",70495700.0,产业资本
2026-07-23,300308,中际旭创,大宗交易,"成交价 1072.52,折溢率 +0.00%,买方 机构专用",39802300.0,产业资本
2026-07-23,300308,中际旭创,大宗交易,"成交价 1072.52,折溢率 +0.00%,买方 机构专用",27228100.0,产业资本
2026-07-23,300308,中际旭创,大宗交易,"成交价 1072.52,折溢率 +0.00%,买方 机构专用",132410100.0,产业资本
2026-07-23,300475,香农芯创,大宗交易,"成交价 163.02,折溢率 +0.00%,买方 机构专用",8151000.0,产业资本
2026-07-23,300985,致远新能,大宗交易,"成交价 27.92,折溢率 -0.19%,买方 国信证券股份有限公司上海中江路证券营业部",17967100.0,产业资本
2026-07-23,300994,久祺股份,大宗交易,"成交价 8.0,折溢率 -0.21%,买方 中国银河证券股份有限公司杭州东宁路证券营业部",2000000.0,产业资本
2026-07-23,301026,浩通科技,大宗交易,"成交价 13.92,折溢率 -0.22%,买方 国泰海通证券股份有限公司广州天河北路证券营业部",5568000.0,产业资本
2026-07-23,301210,金杨精密,大宗交易,"成交价 16.64,折溢率 -0.23%,买方 国信证券股份有限公司无锡观山路证券营业部",2599200.0,产业资本
2026-07-23,301297,富乐德,大宗交易,"成交价 28.26,折溢率 -0.10%,买方 财通证券股份有限公司杭州丽水路证券营业部",4004900.0,产业资本
2026-07-23,301298,东利机械,大宗交易,"成交价 8.4,折溢率 -0.23%,买方 财达证券股份有限公司保定蠡县永盛南大街证券营业部",2436000.0,产业资本
2026-07-23,002165,红宝丽,大宗交易,"成交价 5.84,折溢率 -0.10%,买方 华鑫证券有限责任公司深圳分公司",2336000.0,产业资本
2026-07-23,603050,科林电气,大宗交易,"成交价 17.18,折溢率 -0.08%,买方 华泰证券股份有限公司深圳后海中心路证券营业部",4295000.0,产业资本
2026-07-23,300274,阳光电源,大宗交易,"成交价 111.9,折溢率 -0.05%,买方 中信证券股份有限公司北京呼家楼证券营业部",2685600.0,产业资本
2026-07-23,603050,科林电气,大宗交易,"成交价 17.18,折溢率 -0.08%,买方 国泰海通证券股份有限公司总部",5154000.0,产业资本
2026-07-23,603811,诚意药业,大宗交易,"成交价 6.35,折溢率 -0.11%,买方 中信证券股份有限公司温州分公司",4000500.0,产业资本
2026-07-23,603050,科林电气,大宗交易,"成交价 17.18,折溢率 -0.08%,买方 中信证券股份有限公司四川分公司",2233400.0,产业资本
2026-07-23,603926,铁流股份,大宗交易,"成交价 12.88,折溢率 -0.09%,买方 东北证券股份有限公司台州中心大道证券营业部",45015600.0,产业资本
2026-07-23,603618,杭电股份,大宗交易,"成交价 23.85,折溢率 -0.13%,买方 浙商证券股份有限公司青田涌潮街证券营业部",4054500.0,产业资本
2026-07-23,603618,杭电股份,大宗交易,"成交价 23.85,折溢率 -0.13%,买方 机构专用",2027300.0,产业资本
2026-07-23,605077,华康股份,大宗交易,"成交价 9.05,折溢率 -0.13%,买方 华泰证券股份有限公司广州云城东路证券营业部",2353000.0,产业资本
2026-07-23,605298,必得科技,大宗交易,"成交价 38.28,折溢率 -0.14%,买方 财通证券股份有限公司杭州文二西路证券营业部",2220200.0,产业资本
2026-07-23,605298,必得科技,大宗交易,"成交价 38.28,折溢率 -0.14%,买方 财通证券股份有限公司杭州文二西路证券营业部",3062400.0,产业资本
2026-07-23,688105,诺唯赞,大宗交易,"成交价 15.75,折溢率 -0.07%,买方 招商证券股份有限公司西安北大街证券营业部",6300000.0,产业资本
2026-07-23,688105,诺唯赞,大宗交易,"成交价 15.75,折溢率 -0.07%,买方 广发证券股份有限公司金华光南路证券营业部",6300000.0,产业资本
2026-07-23,688105,诺唯赞,大宗交易,"成交价 15.75,折溢率 -0.07%,买方 中信证券股份有限公司总部(非营业场所)",5040000.0,产业资本
2026-07-23,688105,诺唯赞,大宗交易,"成交价 15.75,折溢率 -0.07%,买方 招商证券股份有限公司西安北大街证券营业部",3150000.0,产业资本
2026-07-23,688105,诺唯赞,大宗交易,"成交价 15.75,折溢率 -0.07%,买方 中信建投证券股份有限公司北京朝阳分公司",4725000.0,产业资本
2026-07-23,688168,安博通,大宗交易,"成交价 37.82,折溢率 -0.02%,买方 机构专用",7185800.0,产业资本
2026-07-23,688105,诺唯赞,大宗交易,"成交价 15.75,折溢率 -0.07%,买方 中国银河证券股份有限公司金华八一南街证券营业部",3150000.0,产业资本
2026-07-23,603683,晶华新材,大宗交易,"成交价 16.77,折溢率 +0.06%,买方 东北证券股份有限公司上海北艾路证券营业部",12007300.0,产业资本
2026-07-23,688105,诺唯赞,大宗交易,"成交价 15.75,折溢率 -0.07%,买方 招商证券股份有限公司济南经十路证券营业部",7875000.0,产业资本
2026-07-23,002165,红宝丽,大宗交易,"成交价 5.84,折溢率 -0.10%,买方 机构专用",1752000.0,产业资本
2026-07-23,688395,正弦电气,大宗交易,"成交价 17.81,折溢率 -0.07%,买方 中国银河证券股份有限公司金华八一南街证券营业部",4452500.0,产业资本
2026-07-23,688398,赛特新材,大宗交易,"成交价 19.06,折溢率 -0.02%,买方 东北证券股份有限公司上海北艾路证券营业部",15000200.0,产业资本
2026-07-23,688702,盛科通信,大宗交易,"成交价 383.0,折溢率 -0.03%,买方 中国银河证券股份有限公司上海普陀区曹杨路证券营业部",19999900.0,产业资本
2026-07-23,688758,赛分科技,大宗交易,"成交价 26.71,折溢率 -0.01%,买方 中信建投证券股份有限公司总部",8013000.0,产业资本
2026-07-23,688757,胜科纳米,大宗交易,"成交价 31.11,折溢率 -0.01%,买方 中国银河证券股份有限公司南京江东中路证券营业部",2000400.0,产业资本
2026-07-23,688779,五矿新能,大宗交易,"成交价 6.63,折溢率 -0.10%,买方 中国银河证券股份有限公司杭州建国北路证券营业部",6630000.0,产业资本
2026-07-23,688779,五矿新能,大宗交易,"成交价 6.63,折溢率 -0.10%,买方 中国银河证券股份有限公司金华八一南街证券营业部",3421100.0,产业资本
2026-07-23,688779,五矿新能,大宗交易,"成交价 6.63,折溢率 -0.10%,买方 中国银河证券股份有限公司金华八一南街证券营业部",4534900.0,产业资本
2026-07-23,688779,五矿新能,大宗交易,"成交价 6.63,折溢率 -0.10%,买方 招商证券股份有限公司西安北大街证券营业部",6630000.0,产业资本
2026-07-23,688779,五矿新能,大宗交易,"成交价 6.63,折溢率 -0.10%,买方 华鑫证券有限责任公司深圳分公司",5304000.0,产业资本
2026-07-23,603696,安记食品,大宗交易,"成交价 10.6,折溢率 +0.00%,买方 国泰海通证券股份有限公司杭州延安路证券营业部",11988600.0,产业资本
2026-07-23,603050,科林电气,大宗交易,"成交价 17.18,折溢率 -0.08%,买方 机构专用",2233400.0,产业资本
2026-07-23,002165,红宝丽,大宗交易,"成交价 5.84,折溢率 -0.10%,买方 中国银河证券股份有限公司金华八一南街证券营业部",2336000.0,产业资本
2026-07-23,600660,福耀玻璃,大宗交易,"成交价 56.0,折溢率 -0.01%,买方 东方证券股份有限公司泉州津淮街证券营业部",2128000.0,产业资本
2026-07-23,603618,杭电股份,大宗交易,"成交价 23.85,折溢率 -0.13%,买方 中信建投证券股份有限公司北京朝阳分公司",2146500.0,产业资本
2026-07-23,603618,杭电股份,大宗交易,"成交价 23.85,折溢率 -0.13%,买方 中国银河证券股份有限公司金华八一南街证券营业部",4054500.0,产业资本
2026-07-23,603226,菲林格尔,大宗交易,"成交价 40.92,折溢率 -0.09%,买方 万联证券股份有限公司广州珠江新城证券营业部",2046000.0,产业资本
2026-07-23,603259,药明康德,大宗交易,"成交价 127.45,折溢率 +0.00%,买方 机构专用",24470400.0,产业资本
2026-07-23,603269,海鸥股份,大宗交易,"成交价 10.31,折溢率 -0.10%,买方 东海证券股份有限公司常州延政中路证券营业部",4639500.0,产业资本
2026-07-23,603508,思维列控,大宗交易,"成交价 22.1,折溢率 -0.02%,买方 机构专用",33150000.0,产业资本
2026-07-23,603508,思维列控,大宗交易,"成交价 22.1,折溢率 -0.02%,买方 方正证券股份有限公司总部",11050000.0,产业资本
2026-07-23,603618,杭电股份,大宗交易,"成交价 23.85,折溢率 -0.13%,买方 浙商证券股份有限公司青田涌潮街证券营业部",2385000.0,产业资本
2026-07-23,603618,杭电股份,大宗交易,"成交价 23.85,折溢率 -0.13%,买方 广发证券股份有限公司金华光南路证券营业部",4054500.0,产业资本
2026-07-23,603618,杭电股份,大宗交易,"成交价 23.85,折溢率 -0.13%,买方 广发证券股份有限公司金华光南路证券营业部",3816000.0,产业资本
2026-07-23,603618,杭电股份,大宗交易,"成交价 23.85,折溢率 -0.13%,买方 中国银河证券股份有限公司金华八一南街证券营业部",2146500.0,产业资本
2026-07-23,603618,杭电股份,大宗交易,"成交价 23.85,折溢率 -0.13%,买方 国泰海通证券股份有限公司总部",2385000.0,产业资本
2026-07-23,603618,杭电股份,大宗交易,"成交价 23.85,折溢率 -0.13%,买方 中国银河证券股份有限公司金华八一南街证券营业部",4054500.0,产业资本
2026-07-23,603618,杭电股份,大宗交易,"成交价 23.85,折溢率 -0.13%,买方 东北证券股份有限公司总部",2027300.0,产业资本
2026-07-23,600519,贵州茅台,大宗交易,"成交价 1200.0,折溢率 -0.07%,买方 中国中金财富证券有限公司宁波狮子街证券营业部",5760000.0,产业资本
2026-07-23,603618,杭电股份,大宗交易,"成交价 23.85,折溢率 -0.13%,买方 中信证券股份有限公司上海世博馆路证券营业部",2051100.0,产业资本
2026-07-23,603091,众鑫股份,大宗交易,"成交价 39.1,折溢率 -0.15%,买方 国信证券股份有限公司浙江分公司",6256000.0,产业资本
2026-07-23,603618,杭电股份,大宗交易,"成交价 23.85,折溢率 -0.13%,买方 中国中金财富证券有限公司深圳中金大厦证券营业部",2027300.0,产业资本
2026-07-23,603618,杭电股份,大宗交易,"成交价 23.85,折溢率 -0.13%,买方 机构专用",2051100.0,产业资本
2026-07-23,603618,杭电股份,大宗交易,"成交价 23.85,折溢率 -0.13%,买方 东北证券股份有限公司南通世纪大道证券营业部",2027300.0,产业资本
2026-07-23,603618,杭电股份,大宗交易,"成交价 23.85,折溢率 -0.13%,买方 机构专用",5628600.0,产业资本
2026-07-23,603618,杭电股份,大宗交易,"成交价 23.85,折溢率 -0.13%,买方 招商证券股份有限公司西安北大街证券营业部",2385000.0,产业资本
2026-07-23,603618,杭电股份,大宗交易,"成交价 23.85,折溢率 -0.13%,买方 国海证券股份有限公司机构席位",3052800.0,产业资本
2026-07-23,603618,杭电股份,大宗交易,"成交价 23.85,折溢率 -0.13%,买方 浙商证券股份有限公司上海长乐路证券营业部",2146500.0,产业资本
2026-07-23,603618,杭电股份,大宗交易,"成交价 23.85,折溢率 -0.13%,买方 广发证券股份有限公司沧州解放路证券营业部",2146500.0,产业资本
2026-07-23,688256,寒武纪,大宗交易,"成交价 1249.0,折溢率 +0.00%,买方 机构专用",8743000.0,产业资本
2026-07-23,603618,杭电股份,大宗交易,"成交价 23.85,折溢率 -0.13%,买方 国都证券股份有限公司江苏分公司",2385000.0,产业资本
2026-07-23,603050,科林电气,大宗交易,"成交价 17.18,折溢率 -0.08%,买方 中信证券股份有限公司上海浦东新区东方路证券营业部",2233400.0,产业资本
2026-07-23,603618,杭电股份,大宗交易,"成交价 23.85,折溢率 -0.13%,买方 国泰海通证券股份有限公司北京知春路证券营业部",2003400.0,产业资本
2026-07-23,920008,成电光信,大宗交易,"成交价 13.08,折溢率 -0.30%,买方 广发证券股份有限公司绍兴云东路营业部",12556800.0,产业资本
2026-07-23,603618,杭电股份,大宗交易,"成交价 23.85,折溢率 -0.13%,买方 中国中金财富证券有限公司深圳分公司",3816000.0,产业资本
2026-07-23,603926,铁流股份,大宗交易,"成交价 12.88,折溢率 -0.09%,买方 中国银河证券股份有限公司杭州市民街证券营业部",15000000.0,产业资本
2026-07-23,920079,乔路铭,龙虎榜,上榜:当日换手率达到20%的前5只股票;龙虎榜净买 -0.1亿,-13353042.4,游资
2026-07-23,001330,博纳影业,大宗交易,"成交价 4.1,折溢率 -0.11%,买方 机构专用",6970000.0,产业资本
2026-07-23,603823,百合花,龙虎榜,上榜:有价格涨跌幅限制的日收盘价格跌幅偏离值达到7%的前五只证券;龙虎榜净买 -0.3亿,-28756474.24,游资
2026-07-23,301520,万邦医药,龙虎榜,上榜:日换手率达到30%的前5只证券;龙虎榜净买 -0.1亿,-8581166.39,游资
2026-07-23,301583,托伦斯,龙虎榜,上榜:日换手率达到30%的前5只证券;龙虎榜净买 1.2亿,123234649.44,游资
2026-07-23,600219,南山铝业,龙虎榜,上榜:有价格涨跌幅限制的日收盘价格涨幅偏离值达到7%的前五只证券;龙虎榜净买 1.7亿,168026084.2,游资
2026-07-23,600227,赤天化,龙虎榜,上榜:有价格涨跌幅限制的日价格振幅达到15%的前五只证券;龙虎榜净买 0.3亿,28195742.12,游资
2026-07-23,600289,ST信通,龙虎榜,上榜:有价格涨跌幅限制的日收盘价格涨幅偏离值达到7%的前五只证券;龙虎榜净买 -0.1亿,-5879665.0,游资
2026-07-23,600396,华电辽能,龙虎榜,上榜:有价格涨跌幅限制的日换手率达到20%的前五只证券;龙虎榜净买 -2.3亿,-228219226.19,游资
2026-07-23,600664,哈药股份,龙虎榜,上榜:有价格涨跌幅限制的连续10个交易日内收盘价格涨幅偏离值累计达到100%的证券;龙虎榜净买 0.0亿,0.0,游资
2026-07-23,600698,湖南天雁,龙虎榜,上榜:有价格涨跌幅限制的日收盘价格涨幅偏离值达到7%的前五只证券;龙虎榜净买 0.2亿,19158886.0,游资
2026-07-23,600711,盛屯矿业,龙虎榜,上榜:非S证券连续三个交易日内收盘价格涨幅偏离值累计达到20%的证券;龙虎榜净买 4.8亿,482423252.57,游资
2026-07-23,300510,金冠股份,龙虎榜,上榜:日涨幅达到15%的前5只证券;龙虎榜净买 0.4亿,35447577.24,游资
2026-07-23,600722,金牛化工,龙虎榜,上榜:非S证券连续三个交易日内收盘价格涨幅偏离值累计达到20%的证券;龙虎榜净买 0.4亿,41527073.59,游资
2026-07-23,000426,兴业银锡,龙虎榜,上榜:连续三个交易日内，涨幅偏离值累计达到20%的证券;龙虎榜净买 2.6亿,264149233.5,游资
2026-07-23,601678,滨化股份,龙虎榜,上榜:有价格涨跌幅限制的日收盘价格涨幅偏离值达到7%的前五只证券;龙虎榜净买 0.9亿,90809612.54,游资
2026-07-23,603118,共进股份,龙虎榜,上榜:有价格涨跌幅限制的日换手率达到20%的前五只证券;龙虎榜净买 -1.1亿,-109442146.82,游资
2026-07-23,603221,爱丽家居,龙虎榜,上榜:非S证券连续三个交易日内收盘价格涨幅偏离值累计达到20%的证券;龙虎榜净买 0.0亿,3092665.0,游资
2026-07-23,603222,济民健康,龙虎榜,上榜:有价格涨跌幅限制的日收盘价格跌幅偏离值达到7%的前五只证券;龙虎榜净买 -0.5亿,-52026857.48,游资
2026-07-23,603378,*ST亚士,龙虎榜,上榜:有价格涨跌幅限制的日收盘价格涨幅偏离值达到7%的前五只证券;龙虎榜净买 0.0亿,3303365.0,游资
2026-07-23,603407,长裕集团,龙虎榜,上榜:有价格涨跌幅限制的日换手率达到20%的前五只证券;龙虎榜净买 -1.4亿,-141405741.86,游资
2026-07-23,603459,红板科技,龙虎榜,上榜:有价格涨跌幅限制的日换手率达到20%的前五只证券;龙虎榜净买 2.2亿,221405109.95,游资
2026-07-23,603519,立霸股份,龙虎榜,上榜:有价格涨跌幅限制的日价格振幅达到15%的前五只证券;龙虎榜净买 0.1亿,5032300.48,游资
2026-07-23,603567,珍宝岛,龙虎榜,上榜:有价格涨跌幅限制的日价格振幅达到15%的前五只证券;龙虎榜净买 1.0亿,98958686.8,游资
2026-07-23,603619,中曼石油,龙虎榜,上榜:非S证券连续三个交易日内收盘价格涨幅偏离值累计达到20%的证券;龙虎榜净买 1.3亿,134041907.34,游资
2026-07-23,301012,扬电科技,龙虎榜,上榜:连续三个交易日内，涨幅偏离值累计达到30%的证券;龙虎榜净买 -0.1亿,-10844852.14,游资
2026-07-23,300688,创业黑马,龙虎榜,上榜:连续三个交易日内，涨幅偏离值累计达到30%的证券;龙虎榜净买 0.4亿,41078908.88,游资
2026-07-23,301292,海科新源,龙虎榜,上榜:日涨幅达到15%的前5只证券;龙虎榜净买 0.0亿,3732366.34999996,游资
2026-07-23,300643,万通智控,龙虎榜,上榜:连续三个交易日内，涨幅偏离值累计达到30%的证券;龙虎榜净买 -0.0亿,-2379725.24000001,游资
2026-07-23,301357,北方长龙,龙虎榜,上榜:日涨幅达到15%的前5只证券;龙虎榜净买 0.3亿,32670828.05,游资
2026-07-23,600246,万通发展,龙虎榜,上榜:有价格涨跌幅限制的日收盘价格跌幅偏离值达到7%的前五只证券;龙虎榜净买 -0.1亿,-7874530.98000002,游资
2026-07-23,600337,ST美克,龙虎榜,上榜:有价格涨跌幅限制的日收盘价格跌幅偏离值达到7%的前五只证券;龙虎榜净买 0.1亿,6347691.94,游资
2026-07-23,002165,红宝丽,大宗交易,"成交价 5.84,折溢率 -0.10%,买方 中信建投证券股份有限公司杭州庆春路证券营业部",2920000.0,产业资本
2026-07-23,001206,依依股份,龙虎榜,上榜:日振幅值达到15%的前5只证券;龙虎榜净买 0.2亿,22657665.8,游资
2026-07-23,600744,华银电力,龙虎榜,上榜:有价格涨跌幅限制的日价格振幅达到15%的前五只证券;龙虎榜净买 -0.6亿,-60697364.97,游资
2026-07-23,001337,四川黄金,龙虎榜,上榜:连续三个交易日内，涨幅偏离值累计达到20%的证券;龙虎榜净买 0.7亿,74396320.12,游资
2026-07-23,000779,甘咨询,龙虎榜,上榜:日振幅值达到15%的前5只证券;龙虎榜净买 -0.0亿,-3406664.28,游资
2026-07-23,000596,古井贡酒,龙虎榜,上榜:日跌幅偏离值达到7%的前5只证券;龙虎榜净买 -0.4亿,-43197751.43,游资
2026-07-23,002141,贤丰控股,龙虎榜,上榜:日换手率达到20%的前5只证券;龙虎榜净买 -0.2亿,-18188647.08,游资
2026-07-23,001872,招商港口,龙虎榜,上榜:日跌幅偏离值达到7%的前5只证券;龙虎榜净买 -0.2亿,-15379293.76,游资
2026-07-23,000815,美利云,龙虎榜,上榜:日涨幅偏离值达到7%的前5只证券;龙虎榜净买 2.1亿,211977303.21,游资
2026-07-23,000603,盛达资源,龙虎榜,上榜:日涨幅偏离值达到7%的前5只证券;龙虎榜净买 0.3亿,32940420.59,游资
2026-07-23,603683,晶华新材,龙虎榜,上榜:有价格涨跌幅限制的日换手率达到20%的前五只证券;龙虎榜净买 -1.3亿,-126148969.28,游资
2026-07-23,002082,ST万邦,龙虎榜,上榜:连续三个交易日内，跌幅偏离值累计达到20%的证券;龙虎榜净买 -0.3亿,-25389784.63,游资
2026-07-23,001258,立新能源,龙虎榜,上榜:日涨幅偏离值达到7%的前5只证券;龙虎榜净买 -0.6亿,-59884788.22,游资
2026-07-23,002156,通富微电,龙虎榜,上榜:日跌幅偏离值达到7%的前5只证券;龙虎榜净买 -1.5亿,-154303502.91,游资
2026-07-23,603075,热威股份,龙虎榜,上榜:有价格涨跌幅限制的日收盘价格跌幅偏离值达到7%的前五只证券;龙虎榜净买 -0.2亿,-16277037.06,游资
2026-07-23,002240,盛新锂能,龙虎榜,上榜:日涨幅偏离值达到7%的前5只证券;龙虎榜净买 0.7亿,70107265.4600001,游资
2026-07-23,002432,九安医疗,龙虎榜,上榜:日跌幅偏离值达到7%的前5只证券;龙虎榜净买 -0.2亿,-24915161.09,游资
2026-07-23,002558,巨人网络,龙虎榜,上榜:日跌幅偏离值达到7%的前5只证券;龙虎榜净买 -0.9亿,-87996174.72,游资
2026-07-23,002731,*ST萃华,龙虎榜,上榜:日换手率达到20%的前5只证券;龙虎榜净买 0.0亿,3956560.34,游资
2026-07-23,002879,长缆科技,龙虎榜,上榜:连续三个交易日内，涨幅偏离值累计达到20%的证券;龙虎榜净买 -0.3亿,-28701937.9,游资
2026-07-23,920078,族兴新材,大宗交易,"成交价 20.01,折溢率 -0.02%,买方 广发证券股份有限公司深圳壹方中心营业部",5002500.0,产业资本
2026-07-23,001309,德明利,大宗交易,"成交价 435.0,折溢率 +0.00%,买方 国泰海通证券股份有限公司重庆中山三路证券营业部",87000000.0,产业资本
2026-07-23,300214,日科化学,龙虎榜,上榜:日涨幅达到15%的前5只证券;龙虎榜净买 -0.0亿,-4336702.0,游资
2026-07-23,000595,新能股份,龙虎榜,上榜:连续三个交易日内，涨幅偏离值累计达到20%的证券;龙虎榜净买 0.0亿,957738.0,游资
2026-07-23,300444,双杰电气,龙虎榜,上榜:日涨幅达到15%的前5只证券;龙虎榜净买 -0.3亿,-28819485.12,游资
2026-07-23,003001,中岩大地,龙虎榜,上榜:日换手率达到20%的前5只证券;龙虎榜净买 0.7亿,69414095.73,游资
2026-07-23,001388,信通电子,龙虎榜,上榜:日振幅值达到15%的前5只证券;龙虎榜净买 -0.0亿,-539232.259999998,游资
2026-07-23,002379,宏桥控股,龙虎榜,上榜:日涨幅偏离值达到7%的前5只证券;龙虎榜净买 -0.5亿,-45215524.28,游资
2026-07-23,002396,星网锐捷,龙虎榜,上榜:日换手率达到20%的前5只证券;龙虎榜净买 -0.6亿,-55031551.9299999,游资
2026-07-23,002412,汉森制药,龙虎榜,上榜:连续三个交易日内，涨幅偏离值累计达到20%的证券;龙虎榜净买 0.4亿,35481668.77,游资
2026-07-23,002759,ST天际,龙虎榜,上榜:连续三个交易日内，日均换手率与前五个交易日的日均换手率的比值达到30倍，且换手率累计达20%的证券;龙虎榜净买 -0.0亿,-3976941.68000001,游资
2026-07-23,300164,通源石油,龙虎榜,上榜:日换手率达到30%的前5只证券;龙虎榜净买 -0.1亿,-7523751.46000001,游资
2026-07-23,301161,唯万密封,回购,回购进度:实施中;已回购 0.1亿,13395279.0,产业资本
2026-07-23,300834,星辉环材,回购,回购进度:实施中;已回购 0.2亿,15547707.2,产业资本
2026-07-23,002879,长缆科技,回购,回购进度:实施中;已回购 0.1亿,7004582.0,产业资本
2026-07-23,301337,亚华电子,回购,回购进度:实施中;已回购 0.1亿,5340662.0,产业资本
2026-07-23,300774,倍杰特,回购,回购进度:实施中;已回购 0.0亿,1999800.0,产业资本
2026-07-23,300988,津荣天宇,回购,回购进度:完成实施;已回购 0.3亿,34991305.6,产业资本
2026-07-23,301087,可孚医疗,回购,回购进度:实施中;已回购 0.3亿,26105444.0,产业资本
2026-07-23,300624,万兴科技,回购,回购进度:实施中;已回购 0.0亿,995953.0,产业资本
2026-07-23,300463,迈克生物,回购,回购进度:实施中;已回购 0.0亿,779298.0,产业资本
2026-07-23,000333,美的集团,大宗交易,"成交价 84.77,折溢率 +0.00%,买方 机构专用",93247000.0,产业资本
2026-07-23,000523,红棉股份,大宗交易,"成交价 2.42,折溢率 -0.12%,买方 中银国际证券股份有限公司揭阳揭东路篦路证券营业部",4840000.0,产业资本
2026-07-23,000651,格力电器,大宗交易,"成交价 40.57,折溢率 +0.00%,买方 机构专用",81140000.0,产业资本
2026-07-23,000887,中鼎股份,大宗交易,"成交价 17.0,折溢率 -0.01%,买方 申万宏源证券有限公司长沙湘江中路证券营业部",2118200.0,产业资本
2026-07-23,300351,永贵电器,回购,回购进度:实施中;已回购 0.0亿,4558865.0,产业资本
2026-07-23,605288,凯迪股份,龙虎榜,上榜:非S证券连续三个交易日内收盘价格涨幅偏离值累计达到20%的证券;龙虎榜净买 0.2亿,18318216.64,游资
2026-07-23,001330,博纳影业,大宗交易,"成交价 4.1,折溢率 -0.11%,买方 机构专用",4100000.0,产业资本
2026-07-23,001330,博纳影业,大宗交易,"成交价 4.1,折溢率 -0.11%,买方 机构专用",1340700.0,产业资本
2026-07-23,002005,德豪润达,大宗交易,"成交价 2.27,折溢率 -0.01%,买方 广发证券股份有限公司福州望龙二路证券营业部",1135000.0,产业资本
2026-07-23,002044,美年健康,大宗交易,"成交价 4.18,折溢率 -0.07%,买方 中信证券股份有限公司徐州建国西路证券营业部",2090000.0,产业资本
2026-07-23,002044,美年健康,大宗交易,"成交价 4.18,折溢率 -0.07%,买方 机构专用",20900000.0,产业资本
2026-07-23,002044,美年健康,大宗交易,"成交价 4.18,折溢率 -0.07%,买方 机构专用",7106000.0,产业资本
2026-07-23,002044,美年健康,大宗交易,"成交价 4.18,折溢率 -0.07%,买方 机构专用",2926000.0,产业资本
2026-07-23,002044,美年健康,大宗交易,"成交价 4.18,折溢率 -0.07%,买方 机构专用",12540000.0,产业资本
2026-07-23,002109,ST兴化,大宗交易,"成交价 2.52,折溢率 +0.00%,买方 开源证券股份有限公司西安高新分公司",1260000.0,产业资本
2026-07-23,688625,呈和科技,回购,回购进度:实施中;已回购 0.1亿,6539005.94,产业资本
2026-07-23,301308,江波龙,回购,回购进度:nan;已回购 —,,产业资本
2026-07-23,002695,煌上煌,回购,回购进度:实施中;已回购 0.0亿,4826429.0,产业资本
2026-07-23,000938,紫光股份,大宗交易,"成交价 41.18,折溢率 -0.03%,买方 中信建投证券股份有限公司北京东城分公司",20590000.0,产业资本
2026-07-23,920651,天罡股份,大宗交易,"成交价 20.68,折溢率 -0.02%,买方 广发证券股份有限公司深圳壹方中心营业部",1034000.0,产业资本
2026-07-23,601996,丰林集团,回购,回购进度:实施中;已回购 0.1亿,5330600.0,产业资本
2026-07-23,301446,福事特,回购,回购进度:nan;已回购 —,,产业资本
2026-07-23,002044,美年健康,大宗交易,"成交价 4.18,折溢率 -0.07%,买方 机构专用",5434000.0,产业资本
2026-07-23,688623,双元科技,回购,回购进度:nan;已回购 —,,产业资本
2026-07-23,920018,宏远股份,龙虎榜,上榜:当日收盘价涨幅达到20%的前5只股票;龙虎榜净买 -0.0亿,-3711535.21,游资
2026-07-23,301322,绿通科技,回购,回购进度:实施中;已回购 0.0亿,3198345.5,产业资本
2026-07-23,605162,新中港,龙虎榜,上榜:非S证券连续三个交易日内收盘价格涨幅偏离值累计达到20%的证券;龙虎榜净买 0.2亿,24675268.99,游资
2026-07-23,920117,龙鑫智能,龙虎榜,上榜:当日换手率达到20%的前5只股票;龙虎榜净买 -0.0亿,-3333227.31,游资
2026-07-23,920193,吉和昌,龙虎榜,上榜:当日换手率达到20%的前5只股票;龙虎榜净买 -0.2亿,-20815621.78,游资
2026-07-23,920222,益坤电气,龙虎榜,上榜:当日价格振幅达到30%的前5只股票;龙虎榜净买 0.1亿,13467089.19,游资
2026-07-23,688525,佰维存储,回购,回购进度:nan;已回购 —,,产业资本
2026-07-23,688359,三孚新科,回购,回购进度:董事会预案;已回购 —,,产业资本
2026-07-23,688350,富淼科技,回购,回购进度:董事会预案;已回购 —,,产业资本
2026-07-23,603988,中电电机,龙虎榜,上榜:非S证券连续三个交易日内收盘价格涨幅偏离值累计达到20%的证券;龙虎榜净买 0.1亿,9111343.0,游资
2026-07-23,605588,冠石科技,回购,回购进度:董事会预案;已回购 —,,产业资本
2026-07-23,688618,三旺通信,龙虎榜,上榜:有价格涨跌幅限制的日收盘价格涨幅达到15%的前五只证券;龙虎榜净买 0.1亿,9063387.4,游资
2026-07-23,688679,通源环境,龙虎榜,上榜:有价格涨跌幅限制的日收盘价格涨幅达到15%的前五只证券;龙虎榜净买 0.2亿,15735688.8,游资
2026-07-23,920305,云创退,龙虎榜,上榜:北交所股票连续10个交易日内3次出现同向异常波动情形;龙虎榜净买 0.0亿,0.0,游资
2026-07-23,301305,朗坤科技,回购,回购进度:董事会预案;已回购 —,,产业资本
2026-07-23,301115,联检科技,回购,回购进度:董事会预案;已回购 —,,产业资本
2026-07-23,002165,红宝丽,大宗交易,"成交价 5.84,折溢率 -0.10%,买方 广发证券股份有限公司西安浐灞大道证券营业部",2920000.0,产业资本
2026-07-23,601006,大秦铁路,回购,回购进度:nan;已回购 —,,产业资本
2026-07-23,301234,五洲医疗,龙虎榜,上榜:连续三个交易日内，涨幅偏离值累计达到30%的证券;龙虎榜净买 0.3亿,32592672.0,游资
2026-07-23,300184,力源信息,回购,回购进度:董事会预案;已回购 —,,产业资本
2026-07-23,002264,新华都,回购,回购进度:董事会预案;已回购 —,,产业资本
2026-07-23,002886,沃特股份,回购,回购进度:董事会预案;已回购 —,,产业资本
2026-07-23,603031,安孚科技,回购,回购进度:董事会预案;已回购 —,,产业资本
2026-07-23,000783,长江证券,回购,回购进度:nan;已回购 —,,产业资本
2026-07-23,688207,格灵深瞳,回购,回购进度:实施中;已回购 0.0亿,4650700.0,产业资本
2026-07-23,603659,璞泰来,回购,回购进度:实施中;已回购 0.3亿,30004800.0,产业资本
2026-07-23,301330,熵基科技,回购,回购进度:nan;已回购 —,,产业资本
2026-07-23,002812,恩捷股份,回购,回购进度:董事会预案;已回购 —,,产业资本
2026-07-24,000533,顺钠股份,龙虎榜,上榜:连续三个交易日内，涨幅偏离值累计达到20%的证券;龙虎榜净买 0.8亿,79430493.56,游资
2026-07-24,600162,香江控股,龙虎榜,上榜:有价格涨跌幅限制的日价格振幅达到15%的前五只证券;龙虎榜净买 -0.1亿,-12730097.42,游资
2026-07-24,000668,荣丰控股,龙虎榜,上榜:连续三个交易日内，涨幅偏离值累计达到20%的证券;龙虎榜净买 0.1亿,5674973.03,游资
2026-07-24,000779,甘咨询,龙虎榜,上榜:日换手率达到20%的前5只证券;龙虎榜净买 -1.1亿,-114204234.96,游资
2026-07-24,000815,美利云,龙虎榜,上榜:日换手率达到20%的前5只证券;龙虎榜净买 1.4亿,135102794.83,游资
2026-07-24,000539,粤电力A,龙虎榜,上榜:日跌幅偏离值达到7%的前5只证券;龙虎榜净买 -0.2亿,-20712738.77,游资
2026-07-24,000595,新能股份,龙虎榜,上榜:日涨幅偏离值达到7%的前5只证券;龙虎榜净买 -0.2亿,-19821531.0,游资
2026-07-24,301158,德石股份,龙虎榜,上榜:连续三个交易日内，涨幅偏离值累计达到30%的证券;龙虎榜净买 -0.2亿,-20290233.6,游资
2026-07-24,000011,深物业A,龙虎榜,上榜:连续三个交易日内，涨幅偏离值累计达到20%的证券;龙虎榜净买 0.3亿,27996021.3,游资
2026-07-24,002015,协鑫能科,龙虎榜,上榜:日跌幅偏离值达到7%的前5只证券;龙虎榜净买 -1.5亿,-146089005.85,游资
2026-07-24,002083,孚日股份,龙虎榜,上榜:日涨幅偏离值达到7%的前5只证券;龙虎榜净买 1.4亿,139197094.37,游资
2026-07-24,002197,证通电子,龙虎榜,上榜:日跌幅偏离值达到7%的前5只证券;龙虎榜净买 0.1亿,10096867.82,游资
2026-07-24,001258,立新能源,龙虎榜,上榜:连续三个交易日内，涨幅偏离值累计达到20%的证券;龙虎榜净买 1.1亿,112658059.3,游资
2026-07-24,002218,拓日新能,龙虎榜,上榜:日涨幅偏离值达到7%的前5只证券;龙虎榜净买 -0.2亿,-18412349.36,游资
2026-07-24,002208,合肥城建,龙虎榜,上榜:日涨幅偏离值达到7%的前5只证券;龙虎榜净买 0.8亿,75383661.49,游资
2026-07-24,605288,凯迪股份,龙虎榜,上榜:有价格涨跌幅限制的日价格振幅达到15%的前五只证券;龙虎榜净买 0.2亿,17536284.8,游资
2026-07-24,001229,魅视科技,龙虎榜,上榜:日振幅值达到15%的前5只证券;龙虎榜净买 -0.3亿,-31642505.23,游资
2026-07-24,002141,贤丰控股,龙虎榜,上榜:日换手率达到20%的前5只证券;龙虎榜净买 0.1亿,10714471.0,游资
2026-07-24,920078,族兴新材,大宗交易,"成交价 18.82,折溢率 -0.02%,买方 中信建投证券股份有限公司北京东城分公司",4705000.0,产业资本
2026-07-24,300214,日科化学,龙虎榜,上榜:日涨幅达到15%的前5只证券;龙虎榜净买 0.2亿,24545450.21,游资
2026-07-24,002298,中电鑫龙,龙虎榜,上榜:连续三个交易日内，涨幅偏离值累计达到20%的证券;龙虎榜净买 0.6亿,59770043.49,游资
2026-07-24,001896,豫能控股,龙虎榜,上榜:日跌幅偏离值达到7%的前5只证券;龙虎榜净买 -2.0亿,-198998880.7,游资
2026-07-24,003001,中岩大地,龙虎榜,上榜:日涨幅偏离值达到7%的前5只证券;龙虎榜净买 -0.1亿,-12663131.42,游资
2026-07-24,002587,奥拓电子,回购,回购进度:nan;已回购 —,,产业资本
2026-07-24,123275,肇民转债,龙虎榜,上榜:上市首日可转债;龙虎榜净买 0.8亿,75212169.5,游资
2026-07-24,300045,华力创通,龙虎榜,上榜:日跌幅达到15%的前5只证券;龙虎榜净买 0.2亿,23639152.46,游资
2026-07-24,300062,中能电气,龙虎榜,上榜:连续三个交易日内，涨幅偏离值累计达到30%的证券;龙虎榜净买 0.6亿,60185641.11,游资
2026-07-24,300164,通源石油,龙虎榜,上榜:日换手率达到30%的前5只证券;龙虎榜净买 0.1亿,5687028.44999999,游资
2026-07-24,002265,建设工业,龙虎榜,上榜:连续三个交易日内，涨幅偏离值累计达到20%的证券;龙虎榜净买 -0.2亿,-17392673.59,游资
2026-07-24,300414,中光防雷,龙虎榜,上榜:日涨幅达到15%的前5只证券;龙虎榜净买 0.8亿,80590655.47,游资
2026-07-24,300480,光力科技,龙虎榜,上榜:日涨幅达到15%的前5只证券;龙虎榜净买 1.1亿,112287203.83,游资
2026-07-24,301310,鑫宏业,龙虎榜,上榜:日跌幅达到15%的前5只证券;龙虎榜净买 -0.1亿,-7536439.78,游资
2026-07-24,301357,北方长龙,龙虎榜,上榜:连续三个交易日内，涨幅偏离值累计达到30%的证券;龙虎榜净买 -0.6亿,-64654391.84,游资
2026-07-24,301520,万邦医药,龙虎榜,上榜:日换手率达到30%的前5只证券;龙虎榜净买 0.3亿,29663896.13,游资
2026-07-24,301535,浙江华远,龙虎榜,上榜:连续三个交易日内，涨幅偏离值累计达到30%的证券;龙虎榜净买 -0.2亿,-20406887.67,游资
2026-07-24,301583,托伦斯,龙虎榜,上榜:日换手率达到30%的前5只证券;龙虎榜净买 -0.2亿,-19782808.48,游资
2026-07-24,002412,汉森制药,龙虎榜,上榜:日振幅值达到15%的前5只证券;龙虎榜净买 -0.1亿,-9865199.45,游资
2026-07-24,002300,太阳电缆,龙虎榜,上榜:连续三个交易日内，涨幅偏离值累计达到20%的证券;龙虎榜净买 0.1亿,10052752.96,游资
2026-07-24,002667,*ST威领,龙虎榜,上榜:日振幅值达到15%的前5只证券;龙虎榜净买 -0.4亿,-35803063.2,游资
2026-07-24,301234,五洲医疗,龙虎榜,上榜:日涨幅达到15%的前5只证券;龙虎榜净买 0.4亿,35947950.0,游资
2026-07-24,600578,京能电力,龙虎榜,上榜:有价格涨跌幅限制的日收盘价格跌幅偏离值达到7%的前五只证券;龙虎榜净买 -0.4亿,-44318974.81,游资
2026-07-24,603459,红板科技,龙虎榜,上榜:有价格涨跌幅限制的日换手率达到20%的前五只证券;龙虎榜净买 0.2亿,20703802.88,游资
2026-07-24,688622,*ST禾信,龙虎榜,上榜:有价格涨跌幅限制的日收盘价格涨幅达到15%的前五只证券;龙虎榜净买 -0.1亿,-7146563.96,游资
2026-07-24,600722,金牛化工,龙虎榜,上榜:有价格涨跌幅限制的日换手率达到20%的前五只证券;龙虎榜净买 -0.7亿,-67717044.15,游资
2026-07-24,601678,滨化股份,龙虎榜,上榜:有价格涨跌幅限制的日换手率达到20%的前五只证券;龙虎榜净买 1.8亿,177678144.42,游资
2026-07-24,601991,大唐发电,龙虎榜,上榜:有价格涨跌幅限制的日收盘价格跌幅偏离值达到7%的前五只证券;龙虎榜净买 -0.4亿,-44026609.62,游资
2026-07-24,603068,博通集成,龙虎榜,上榜:有价格涨跌幅限制的日收盘价格涨幅偏离值达到7%的前五只证券;龙虎榜净买 0.2亿,23148256.0,游资
2026-07-24,603318,水发燃气,龙虎榜,上榜:有价格涨跌幅限制的日换手率达到20%的前五只证券;龙虎榜净买 -0.4亿,-35202964.74,游资
2026-07-24,603580,艾艾精工,龙虎榜,上榜:有价格涨跌幅限制的日收盘价格涨幅偏离值达到7%的前五只证券;龙虎榜净买 -0.0亿,-2610983.0,游资
2026-07-24,603629,利通电子,龙虎榜,上榜:有价格涨跌幅限制的日收盘价格跌幅偏离值达到7%的前五只证券;龙虎榜净买 0.4亿,40659619.12,游资
2026-07-24,603272,*ST联翔,龙虎榜,上榜:有价格涨跌幅限制的日价格振幅达到15%的前五只证券;龙虎榜净买 -0.5亿,-46241505.0,游资
2026-07-24,603779,威龙股份,龙虎榜,上榜:有价格涨跌幅限制的日收盘价格跌幅偏离值达到7%的前五只证券;龙虎榜净买 -0.0亿,-2199572.0,游资
2026-07-24,603843,*ST正平,龙虎榜,上榜:非S证券连续三个交易日内收盘价格涨幅偏离值累计达到20%的证券;龙虎榜净买 -0.2亿,-21778974.36,游资
2026-07-24,600984,建设机械,龙虎榜,上榜:非S证券连续三个交易日内收盘价格涨幅偏离值累计达到20%的证券;龙虎榜净买 0.3亿,32948410.56,游资
2026-07-24,605028,世茂能源,龙虎榜,上榜:非S证券连续三个交易日内收盘价格涨幅偏离值累计达到20%的证券;龙虎榜净买 0.3亿,25597050.6,游资
2026-07-24,603407,长裕集团,龙虎榜,上榜:有价格涨跌幅限制的日换手率达到20%的前五只证券;龙虎榜净买 0.7亿,66402599.84,游资
2026-07-24,920098,科隆新材,大宗交易,"成交价 12.88,折溢率 -0.19%,买方 国信证券股份有限公司大连分公司",3323104.4,产业资本
2026-07-24,603690,至纯科技,龙虎榜,上榜:有价格涨跌幅限制的日收盘价格涨幅偏离值达到7%的前五只证券;龙虎榜净买 0.4亿,41202054.4,游资
2026-07-24,002440,闰土股份,龙虎榜,上榜:日跌幅偏离值达到7%的前5只证券;龙虎榜净买 -0.2亿,-22180259.89,游资
2026-07-24,002722,物产金轮,回购,回购进度:nan;已回购 —,,产业资本
2026-07-24,601606,长城军工,龙虎榜,上榜:非S证券连续三个交易日内收盘价格涨幅偏离值累计达到20%的证券;龙虎榜净买 1.6亿,159886749.93,游资
2026-07-24,600726,华电能源,龙虎榜,上榜:有价格涨跌幅限制的日收盘价格跌幅偏离值达到7%的前五只证券;龙虎榜净买 -1.5亿,-145941796.15,游资
2026-07-24,600909,华安证券,回购,回购进度:董事会预案;已回购 —,,产业资本
2026-07-24,605198,安德利,龙虎榜,上榜:有价格涨跌幅限制的日收盘价格涨幅偏离值达到7%的前五只证券;龙虎榜净买 -0.0亿,-719358.0,游资
2026-07-24,920088,科力股份,龙虎榜,上榜:当日换手率达到20%的前5只股票;龙虎榜净买 -0.2亿,-22523995.81,游资
2026-07-24,920117,龙鑫智能,龙虎榜,上榜:当日换手率达到20%的前5只股票;龙虎榜净买 0.1亿,7799534.3,游资
2026-07-24,920193,吉和昌,龙虎榜,上榜:当日换手率达到20%的前5只股票;龙虎榜净买 0.1亿,14494281.98,游资
2026-07-24,920222,益坤电气,龙虎榜,上榜:当日换手率达到20%的前5只股票;龙虎榜净买 -0.0亿,-4009265.67,游资
2026-07-24,920305,云创退,龙虎榜,上榜:退市整理期;龙虎榜净买 0.0亿,512522.61,游资
2026-07-24,920689,克莱特,回购,回购进度:董事会预案;已回购 —,,产业资本
2026-07-24,688755,汉邦科技,回购,回购进度:董事会预案;已回购 —,,产业资本
2026-07-24,600698,湖南天雁,龙虎榜,上榜:非S证券连续三个交易日内收盘价格涨幅偏离值累计达到20%的证券;龙虎榜净买 0.1亿,10767054.99,游资
2026-07-24,002199,东晶电子,龙虎榜,上榜:连续三个交易日内，涨幅偏离值累计达到20%的证券;龙虎榜净买 -0.2亿,-19469229.0,游资
2026-07-24,920079,乔路铭,龙虎榜,上榜:当日换手率达到20%的前5只股票;龙虎榜净买 0.1亿,6693333.63,游资
2026-07-24,688008,澜起科技,回购,回购进度:董事会预案;已回购 —,,产业资本
2026-07-24,300639,凯普生物,回购,回购进度:董事会预案;已回购 —,,产业资本
2026-07-24,003015,日久光电,回购,回购进度:董事会预案;已回购 —,,产业资本
2026-07-24,002888,惠威科技,回购,回购进度:董事会预案;已回购 —,,产业资本
2026-07-24,688237,超卓航科,龙虎榜,上榜:有价格涨跌幅限制的日收盘价格涨幅达到15%的前五只证券;龙虎榜净买 0.1亿,6465160.93000001,游资
2026-07-24,605208,永茂泰,龙虎榜,上榜:有价格涨跌幅限制的日价格振幅达到15%的前五只证券;龙虎榜净买 -0.3亿,-30920286.69,游资
2026-07-24,600617,国新能源,龙虎榜,上榜:有价格涨跌幅限制的日收盘价格涨幅偏离值达到7%的前五只证券;龙虎榜净买 0.3亿,28144117.18,游资
2026-07-24,603390,通达电气,回购,回购进度:董事会预案;已回购 —,,产业资本
2026-07-24,688162,巨一科技,回购,回购进度:董事会预案;已回购 —,,产业资本
2026-07-24,603956,威派格,龙虎榜,上榜:非S证券连续三个交易日内收盘价格涨幅偏离值累计达到20%的证券;龙虎榜净买 0.2亿,20314848.59,游资
2026-07-24,301010,晶雪节能,回购,回购进度:董事会预案;已回购 —,,产业资本
2026-07-24,603112,华翔股份,大宗交易,"成交价 12.5,折溢率 -0.08%,买方 国泰海通证券股份有限公司临汾平阳南街证券营业部",2125000.0,产业资本
2026-07-24,300790,宇瞳光学,回购,回购进度:实施中;已回购 0.3亿,30092937.6,产业资本
2026-07-24,600288,大恒科技,回购,回购进度:实施中;已回购 0.2亿,22261881.87,产业资本
2026-07-24,301086,鸿富瀚,回购,回购进度:实施中;已回购 0.1亿,6983401.96,产业资本
2026-07-24,603683,晶华新材,回购,回购进度:实施中;已回购 0.3亿,29997190.0,产业资本
2026-07-24,300091,*ST金灵,回购,回购进度:实施中;已回购 0.0亿,696722.0,产业资本
2026-07-24,002264,新华都,大宗交易,"成交价 5.84,折溢率 -0.01%,买方 机构专用",9614400.0,产业资本
2026-07-24,001380,华纬科技,回购,回购进度:完成实施;已回购 0.2亿,19996241.33,产业资本
2026-07-24,300684,中石科技,回购,回购进度:实施中;已回购 0.1亿,14430409.0,产业资本
2026-07-24,600763,通策医疗,回购,回购进度:实施中;已回购 0.5亿,50052228.03,产业资本
2026-07-24,001309,德明利,大宗交易,"成交价 399.89,折溢率 +0.00%,买方 国泰海通证券股份有限公司重庆中山三路证券营业部",71980200.0,产业资本
2026-07-24,002028,思源电气,大宗交易,"成交价 162.68,折溢率 +0.00%,买方 国泰海通证券股份有限公司深圳深南大道京基一百证券营业部",61667100.0,产业资本
2026-07-24,002028,思源电气,大宗交易,"成交价 162.68,折溢率 +0.00%,买方 国信证券股份有限公司深圳后海分公司",49535900.0,产业资本
2026-07-24,002028,思源电气,大宗交易,"成交价 162.68,折溢率 +0.00%,买方 中国国际金融股份有限公司北京建国门外大街证券营业部",29317200.0,产业资本
2026-07-24,002046,国机精工,大宗交易,"成交价 43.54,折溢率 -0.09%,买方 财通证券股份有限公司杭州新北街证券营业部",7223300.0,产业资本
2026-07-24,603836,海程邦达,回购,回购进度:实施中;已回购 0.0亿,4816188.4,产业资本
2026-07-24,603201,常润股份,回购,回购进度:实施中;已回购 0.0亿,2234100.0,产业资本
2026-07-24,688258,卓易信息,回购,回购进度:实施中;已回购 0.1亿,13987855.58,产业资本
2026-07-24,688409,富创精密,大宗交易,"成交价 172.04,折溢率 -0.08%,买方 机构专用",2064500.0,产业资本
2026-07-24,002109,ST兴化,大宗交易,"成交价 2.49,折溢率 +0.00%,买方 开源证券股份有限公司西安高新分公司",1245000.0,产业资本
2026-07-24,002020,京新药业,回购,回购进度:实施中;已回购 0.0亿,3016792.0,产业资本
2026-07-24,002498,汉缆股份,龙虎榜,上榜:连续三个交易日内，涨幅偏离值累计达到20%的证券;龙虎榜净买 1.0亿,98409844.64,游资
2026-07-24,001358,兴欣新材,回购,回购进度:董事会预案;已回购 —,,产业资本
2026-07-24,002634,*ST棒杰,大宗交易,"成交价 4.1,折溢率 +0.04%,买方 东方证券股份有限公司上海黄浦区中华路证券营业部",2050000.0,产业资本
2026-07-24,301273,瑞晨环保,大宗交易,"成交价 30.43,折溢率 -0.21%,买方 财通证券股份有限公司绍兴人民中路证券营业部",2130100.0,产业资本
2026-07-24,002422,科伦药业,大宗交易,"成交价 46.65,折溢率 +0.00%,买方 机构专用",38672900.0,产业资本
2026-07-24,002698,博实股份,大宗交易,"成交价 11.41,折溢率 -0.08%,买方 中信证券股份有限公司苏州分公司",5705000.0,产业资本
2026-07-24,002634,*ST棒杰,大宗交易,"成交价 4.1,折溢率 +0.04%,买方 东方证券股份有限公司上海黄浦区中华路证券营业部",2050000.0,产业资本
2026-07-24,002634,*ST棒杰,大宗交易,"成交价 4.1,折溢率 +0.04%,买方 东方证券股份有限公司上海黄浦区中华路证券营业部",2050000.0,产业资本
2026-07-24,002698,博实股份,大宗交易,"成交价 11.41,折溢率 -0.08%,买方 浙商证券股份有限公司青田涌潮街证券营业部",7074200.0,产业资本
2026-07-24,002119,康强电子,回购,回购进度:实施中;已回购 0.5亿,53513593.0,产业资本
2026-07-24,002698,博实股份,大宗交易,"成交价 11.41,折溢率 -0.08%,买方 华泰证券股份有限公司南京分公司",2852500.0,产业资本
2026-07-24,300473,德尔股份,大宗交易,"成交价 17.02,折溢率 -0.17%,买方 财通证券股份有限公司杭州新北街证券营业部",2212600.0,产业资本
2026-07-24,002698,博实股份,大宗交易,"成交价 11.41,折溢率 -0.08%,买方 中信建投证券股份有限公司杭州庆春路证券营业部",4221700.0,产业资本
2026-07-24,300124,汇川技术,大宗交易,"成交价 59.35,折溢率 +0.00%,买方 机构专用",118700000.0,产业资本
2026-07-24,002698,博实股份,大宗交易,"成交价 11.41,折溢率 -0.08%,买方 招商证券股份有限公司西安北大街证券营业部",9926700.0,产业资本
2026-07-24,002384,东山精密,大宗交易,"成交价 199.18,折溢率 +0.00%,买方 机构专用",6971300.0,产业资本
2026-07-24,002698,博实股份,大宗交易,"成交价 11.41,折溢率 -0.08%,买方 国泰海通证券股份有限公司深圳红荔西路证券营业部",4221700.0,产业资本
2026-07-24,002698,博实股份,大宗交易,"成交价 11.41,折溢率 -0.08%,买方 招商证券股份有限公司西安北大街证券营业部",4221700.0,产业资本
2026-07-24,002698,博实股份,大宗交易,"成交价 11.41,折溢率 -0.08%,买方 浙商证券股份有限公司上海长乐路证券营业部",5705000.0,产业资本
2026-07-24,002422,科伦药业,大宗交易,"成交价 46.65,折溢率 +0.00%,买方 机构专用",26336200.0,产业资本
2026-07-24,002698,博实股份,大宗交易,"成交价 11.41,折溢率 -0.08%,买方 中国银河证券股份有限公司金华八一南街证券营业部",2852500.0,产业资本
2026-07-24,300951,博硕科技,大宗交易,"成交价 36.48,折溢率 -0.28%,买方 开源证券股份有限公司深圳第一分公司",10214400.0,产业资本
2026-07-24,301633,港迪技术,大宗交易,"成交价 54.59,折溢率 -0.01%,买方 东海证券股份有限公司上海浦东新区东方路分公司",3471900.0,产业资本
2026-07-24,301633,港迪技术,大宗交易,"成交价 49.88,折溢率 -0.10%,买方 机构专用",3830800.0,产业资本
2026-07-24,600031,三一重工,大宗交易,"成交价 19.38,折溢率 -0.01%,买方 机构专用",38760000.0,产业资本
2026-07-24,600299,安迪苏,大宗交易,"成交价 7.78,折溢率 -0.02%,买方 国新证券股份有限公司常德武陵大道证券营业部",8713600.0,产业资本
2026-07-24,600660,福耀玻璃,大宗交易,"成交价 55.5,折溢率 -0.00%,买方 东方证券股份有限公司泉州津淮街证券营业部",2497500.0,产业资本
2026-07-24,601899,紫金矿业,大宗交易,"成交价 31.51,折溢率 +0.00%,买方 机构专用",24262700.0,产业资本
2026-07-24,301273,瑞晨环保,大宗交易,"成交价 30.43,折溢率 -0.21%,买方 机构专用",8064000.0,产业资本
2026-07-24,603061,金海通,大宗交易,"成交价 268.7,折溢率 -0.09%,买方 万联证券股份有限公司广州珠江新城证券营业部",2149600.0,产业资本
2026-07-24,603061,金海通,大宗交易,"成交价 268.7,折溢率 -0.09%,买方 瑞银证券有限责任公司上海花园石桥路证券营业部",2149600.0,产业资本
2026-07-24,603061,金海通,大宗交易,"成交价 268.7,折溢率 -0.09%,买方 机构专用",3224400.0,产业资本
2026-07-24,605298,必得科技,大宗交易,"成交价 40.01,折溢率 -0.11%,买方 财通证券股份有限公司杭州文二西路证券营业部",2056500.0,产业资本
2026-07-24,603226,菲林格尔,大宗交易,"成交价 40.44,折溢率 -0.09%,买方 万联证券股份有限公司广州珠江新城证券营业部",2022000.0,产业资本
2026-07-24,603341,龙旗科技,大宗交易,"成交价 36.67,折溢率 +0.00%,买方 财达证券股份有限公司深圳分公司",19728500.0,产业资本
2026-07-24,603341,龙旗科技,大宗交易,"成交价 36.67,折溢率 +0.00%,买方 财达证券股份有限公司深圳分公司",4950500.0,产业资本
2026-07-24,301273,瑞晨环保,大宗交易,"成交价 30.43,折溢率 -0.21%,买方 机构专用",7607500.0,产业资本
2026-07-24,603061,金海通,大宗交易,"成交价 268.7,折溢率 -0.09%,买方 中信证券股份有限公司上海世博馆路证券营业部",3009400.0,产业资本
2026-07-24,301308,江波龙,大宗交易,"成交价 370.01,折溢率 +0.00%,买方 广发证券股份有限公司无锡太湖东大道证券营业部",2442100.0,产业资本
2026-07-24,301273,瑞晨环保,大宗交易,"成交价 30.43,折溢率 -0.21%,买方 财通证券股份有限公司绍兴人民中路证券营业部",2434400.0,产业资本
2026-07-24,688409,富创精密,大宗交易,"成交价 172.04,折溢率 -0.08%,买方 机构专用",2064500.0,产业资本
2026-07-24,603061,金海通,大宗交易,"成交价 268.7,折溢率 -0.09%,买方 机构专用",2687000.0,产业资本
2026-07-24,603811,诚意药业,大宗交易,"成交价 6.41,折溢率 -0.08%,买方 中信证券股份有限公司温州分公司",2230700.0,产业资本
2026-07-24,603182,嘉华股份,大宗交易,"成交价 10.85,折溢率 +0.00%,买方 平安证券股份有限公司山东分公司",2343600.0,产业资本
2026-07-24,688105,诺唯赞,大宗交易,"成交价 15.75,折溢率 -0.07%,买方 中国中金财富证券有限公司深圳中金大厦证券营业部",2000300.0,产业资本
2026-07-24,603341,龙旗科技,大宗交易,"成交价 36.67,折溢率 +0.00%,买方 财达证券股份有限公司深圳分公司",11734400.0,产业资本
2026-07-24,688105,诺唯赞,大宗交易,"成交价 15.75,折溢率 -0.07%,买方 国联民生证券股份有限公司总部",2000300.0,产业资本
2026-07-24,688105,诺唯赞,大宗交易,"成交价 15.75,折溢率 -0.07%,买方 中信证券股份有限公司上海世博馆路证券营业部",2047500.0,产业资本
2026-07-24,688180,君实生物,大宗交易,"成交价 35.65,折溢率 -0.01%,买方 机构专用",19607500.0,产业资本
2026-07-24,688409,富创精密,大宗交易,"成交价 172.04,折溢率 -0.08%,买方 机构专用",25806000.0,产业资本
2026-07-24,688409,富创精密,大宗交易,"成交价 172.04,折溢率 -0.08%,买方 机构专用",17204000.0,产业资本
2026-07-24,688409,富创精密,大宗交易,"成交价 172.04,折溢率 -0.08%,买方 机构专用",6881600.0,产业资本
2026-07-24,688551,科威尔,大宗交易,"成交价 39.0,折溢率 +0.01%,买方 申万宏源证券有限公司长沙湘江中路证券营业部",3510000.0,产业资本
2026-07-24,688596,正帆科技,大宗交易,"成交价 48.38,折溢率 +0.00%,买方 国泰海通证券股份有限公司总部",9676000.0,产业资本
2026-07-24,688448,磁谷科技,大宗交易,"成交价 36.78,折溢率 -0.21%,买方 财通证券股份有限公司杭州新北街证券营业部",3530900.0,产业资本
2026-07-24,688729,屹唐股份,大宗交易,"成交价 27.73,折溢率 -0.02%,买方 机构专用",9705500.0,产业资本
2026-07-24,300951,博硕科技,大宗交易,"成交价 36.48,折溢率 -0.28%,买方 国泰海通证券股份有限公司深圳海德三道证券营业部",10214400.0,产业资本
2026-07-24,688719,爱科赛博,回购,回购进度:实施中;已回购 0.0亿,4833200.0,产业资本
2026-07-24,688757,胜科纳米,大宗交易,"成交价 30.73,折溢率 -0.01%,买方 中国银河证券股份有限公司南京江东中路证券营业部",2000500.0,产业资本
2026-07-24,920078,族兴新材,大宗交易,"成交价 18.84,折溢率 -0.02%,买方 中信证券股份有限公司北京呼家楼证券营业部",4710000.0,产业资本
2026-07-24,603917,合力科技,大宗交易,"成交价 10.59,折溢率 +0.00%,买方 华泰证券股份有限公司总部",8472000.0,产业资本
2026-07-24,603813,原尚股份,大宗交易,"成交价 27.2,折溢率 -0.03%,买方 西部证券股份有限公司西安东大街证券营业部",2992000.0,产业资本
2026-07-24,688525,佰维存储,大宗交易,"成交价 212.85,折溢率 -0.10%,买方 华泰证券股份有限公司深圳平安金融中心证券营业部",200270600.0,产业资本
2026-07-27,603061,金海通,大宗交易,"成交价 265.14,折溢率 -0.14%,买方 机构专用",2121100.0,产业资本
2026-07-27,603061,金海通,大宗交易,"成交价 265.14,折溢率 -0.14%,买方 浙商证券股份有限公司台州环城东路证券营业部",6628500.0,产业资本
2026-07-27,603061,金海通,大宗交易,"成交价 265.14,折溢率 -0.14%,买方 招商证券股份有限公司西安北大街证券营业部",5302800.0,产业资本
2026-07-27,603061,金海通,大宗交易,"成交价 265.14,折溢率 -0.14%,买方 瑞银证券有限责任公司上海花园石桥路证券营业部",13257000.0,产业资本
2026-07-27,603061,金海通,大宗交易,"成交价 265.14,折溢率 -0.14%,买方 瑞银证券有限责任公司上海花园石桥路证券营业部",5302800.0,产业资本
2026-07-27,603061,金海通,大宗交易,"成交价 265.14,折溢率 -0.14%,买方 机构专用",2651400.0,产业资本
2026-07-27,603061,金海通,大宗交易,"成交价 265.14,折溢率 -0.14%,买方 机构专用",5011100.0,产业资本
2026-07-27,603061,金海通,大宗交易,"成交价 265.14,折溢率 -0.14%,买方 浙商证券股份有限公司上海长乐路证券营业部",6628500.0,产业资本
2026-07-27,603061,金海通,大宗交易,"成交价 265.14,折溢率 -0.14%,买方 机构专用",4772500.0,产业资本
2026-07-27,603061,金海通,大宗交易,"成交价 265.14,折溢率 -0.14%,买方 机构专用",7954200.0,产业资本
2026-07-27,603061,金海通,大宗交易,"成交价 265.14,折溢率 -0.14%,买方 中国中金财富证券有限公司深圳分公司",5302800.0,产业资本
2026-07-27,603061,金海通,大宗交易,"成交价 265.14,折溢率 -0.14%,买方 中信证券股份有限公司北京上地证券营业部",2651400.0,产业资本
2026-07-27,603061,金海通,大宗交易,"成交价 265.14,折溢率 -0.14%,买方 浙商证券股份有限公司上海长乐路证券营业部",3977100.0,产业资本
2026-07-27,603061,金海通,大宗交易,"成交价 265.14,折溢率 -0.14%,买方 机构专用",6628500.0,产业资本
2026-07-27,603061,金海通,大宗交易,"成交价 265.14,折溢率 -0.14%,买方 长江证券股份有限公司北京百万庄大街证券营业部",2121100.0,产业资本
2026-07-27,603061,金海通,大宗交易,"成交价 265.14,折溢率 -0.14%,买方 瑞银证券有限责任公司上海花园石桥路证券营业部",3181700.0,产业资本
2026-07-27,603061,金海通,大宗交易,"成交价 265.14,折溢率 -0.14%,买方 招商证券股份有限公司西安北大街证券营业部",5302800.0,产业资本
2026-07-27,603061,金海通,大宗交易,"成交价 265.14,折溢率 -0.14%,买方 华泰证券股份有限公司南京庐山路证券营业部",6628500.0,产业资本
2026-07-27,603061,金海通,大宗交易,"成交价 265.14,折溢率 -0.14%,买方 机构专用",2121100.0,产业资本
2026-07-27,603061,金海通,大宗交易,"成交价 265.14,折溢率 -0.14%,买方 中国银河证券股份有限公司金华八一南街证券营业部",3977100.0,产业资本
2026-07-27,603061,金海通,大宗交易,"成交价 265.14,折溢率 -0.14%,买方 国泰海通证券股份有限公司北京知春路证券营业部",2015100.0,产业资本
2026-07-27,603061,金海通,大宗交易,"成交价 265.14,折溢率 -0.14%,买方 广发证券股份有限公司金华光南路证券营业部",5302800.0,产业资本
2026-07-27,603061,金海通,大宗交易,"成交价 265.14,折溢率 -0.14%,买方 广发证券股份有限公司总部",22802000.0,产业资本
2026-07-27,603061,金海通,大宗交易,"成交价 265.14,折溢率 -0.14%,买方 国投证券股份有限公司连云港郁州北路证券营业部",2015100.0,产业资本
2026-07-27,603061,金海通,大宗交易,"成交价 265.14,折溢率 -0.14%,买方 机构专用",2121100.0,产业资本
2026-07-27,603061,金海通,大宗交易,"成交价 265.14,折溢率 -0.14%,买方 中信建投证券股份有限公司杭州庆春路证券营业部",5302800.0,产业资本
2026-07-27,603061,金海通,大宗交易,"成交价 265.14,折溢率 -0.14%,买方 机构专用",2121100.0,产业资本
2026-07-27,603061,金海通,大宗交易,"成交价 265.14,折溢率 -0.14%,买方 中信建投证券股份有限公司深圳宝安创业二路证券营业部",2015100.0,产业资本
2026-07-27,920262,太湖雪,回购,回购进度:完成实施;已回购 0.1亿,5008813.03,产业资本
2026-07-27,601865,福莱特,大宗交易,"成交价 8.46,折溢率 -0.11%,买方 广发证券股份有限公司杭州学院路证券营业部",8290800.0,产业资本
2026-07-27,603061,金海通,大宗交易,"成交价 265.14,折溢率 -0.14%,买方 机构专用",5302800.0,产业资本
2026-07-27,301316,慧博云通,大宗交易,"成交价 27.91,折溢率 -0.23%,买方 广发证券股份有限公司绍兴云东路证券营业部",13117700.0,产业资本
2026-07-27,688105,诺唯赞,大宗交易,"成交价 17.01,折溢率 -0.10%,买方 机构专用",2041200.0,产业资本
2026-07-27,301316,慧博云通,大宗交易,"成交价 27.91,折溢率 -0.23%,买方 中信建投证券股份有限公司北京宣武门外大街证券营业部",33910700.0,产业资本
2026-07-27,600486,扬农化工,大宗交易,"成交价 54.89,折溢率 +0.00%,买方 招商证券股份有限公司北京景辉街证券营业部",16796300.0,产业资本
2026-07-27,600660,福耀玻璃,大宗交易,"成交价 55.0,折溢率 -0.01%,买方 东方证券股份有限公司泉州津淮街证券营业部",4565000.0,产业资本
2026-07-27,600746,江苏索普,大宗交易,"成交价 6.02,折溢率 -0.03%,买方 中信证券股份有限公司镇江分公司",153702000.0,产业资本
2026-07-27,600968,海油发展,大宗交易,"成交价 3.76,折溢率 +0.00%,买方 招商证券股份有限公司北京景辉街证券营业部",407996800.0,产业资本
2026-07-27,601065,江盐集团,大宗交易,"成交价 5.94,折溢率 -0.11%,买方 申万宏源证券有限公司上海金山区蒙山路证券营业部",8999700.0,产业资本
2026-07-27,601216,君正集团,大宗交易,"成交价 4.18,折溢率 -0.10%,买方 瑞银证券有限责任公司北京金融大街证券营业部",95847400.0,产业资本
2026-07-27,601600,中国铝业,大宗交易,"成交价 10.2,折溢率 +0.09%,买方 国投证券股份有限公司成都人民南路证券营业部",4386000.0,产业资本
2026-07-27,603061,金海通,大宗交易,"成交价 265.14,折溢率 -0.14%,买方 广发证券股份有限公司南京水佑岗证券营业部",5302800.0,产业资本
2026-07-27,601865,福莱特,大宗交易,"成交价 8.46,折溢率 -0.11%,买方 广发证券股份有限公司杭州学院路证券营业部",8290800.0,产业资本
2026-07-27,603050,科林电气,大宗交易,"成交价 16.51,折溢率 -0.08%,买方 机构专用",2063800.0,产业资本
2026-07-27,601216,君正集团,大宗交易,"成交价 4.18,折溢率 -0.10%,买方 瑞银证券有限责任公司北京金融大街证券营业部",71060000.0,产业资本
2026-07-27,603061,金海通,大宗交易,"成交价 265.14,折溢率 -0.14%,买方 招商证券股份有限公司西安北大街证券营业部",6628500.0,产业资本
2026-07-27,603061,金海通,大宗交易,"成交价 265.14,折溢率 -0.14%,买方 中信证券股份有限公司徐州建国西路证券营业部",5037700.0,产业资本
2026-07-27,603061,金海通,大宗交易,"成交价 265.14,折溢率 -0.14%,买方 机构专用",2121100.0,产业资本
2026-07-27,603061,金海通,大宗交易,"成交价 265.14,折溢率 -0.14%,买方 机构专用",26514000.0,产业资本
2026-07-27,603061,金海通,大宗交易,"成交价 265.14,折溢率 -0.14%,买方 机构专用",3022600.0,产业资本
2026-07-27,603061,金海通,大宗交易,"成交价 265.14,折溢率 -0.14%,买方 浙商证券股份有限公司上海浦东杨高南路证券营业部",2015100.0,产业资本
2026-07-27,603061,金海通,大宗交易,"成交价 265.14,折溢率 -0.14%,买方 招商证券股份有限公司南京庐山路证券营业部",5302800.0,产业资本
2026-07-27,603061,金海通,大宗交易,"成交价 265.14,折溢率 -0.14%,买方 广发证券股份有限公司沧州解放路证券营业部",7954200.0,产业资本
2026-07-27,603061,金海通,大宗交易,"成交价 265.14,折溢率 -0.14%,买方 广发证券股份有限公司西安浐灞大道证券营业部",7954200.0,产业资本
2026-07-27,603061,金海通,大宗交易,"成交价 265.14,折溢率 -0.14%,买方 中信建投证券股份有限公司杭州庆春路证券营业部",6628500.0,产业资本
2026-07-27,603061,金海通,大宗交易,"成交价 265.14,折溢率 -0.14%,买方 国泰海通证券股份有限公司总部",3977100.0,产业资本
2026-07-27,603050,科林电气,大宗交易,"成交价 16.51,折溢率 -0.08%,买方 华安证券股份有限公司杭州婺江路证券营业部",7429500.0,产业资本
2026-07-27,301273,瑞晨环保,大宗交易,"成交价 30.94,折溢率 -0.23%,买方 机构专用",2001800.0,产业资本
2026-07-27,603061,金海通,大宗交易,"成交价 265.14,折溢率 -0.14%,买方 国泰海通证券股份有限公司总部",7954200.0,产业资本
2026-07-27,603061,金海通,大宗交易,"成交价 265.14,折溢率 -0.14%,买方 华泰证券股份有限公司深圳深南大道基金大厦证券营业部",2121100.0,产业资本
2026-07-27,603061,金海通,大宗交易,"成交价 265.14,折溢率 -0.14%,买方 华泰证券股份有限公司深圳后海中心路证券营业部",3977100.0,产业资本
2026-07-27,688105,诺唯赞,大宗交易,"成交价 17.01,折溢率 -0.10%,买方 机构专用",2041200.0,产业资本
2026-07-27,603061,金海通,大宗交易,"成交价 265.14,折溢率 -0.14%,买方 机构专用",5011100.0,产业资本
2026-07-27,688105,诺唯赞,大宗交易,"成交价 17.01,折溢率 -0.10%,买方 机构专用",2041200.0,产业资本
2026-07-27,603618,杭电股份,大宗交易,"成交价 22.92,折溢率 -0.11%,买方 中信证券股份有限公司上海世博馆路证券营业部",2750400.0,产业资本
2026-07-27,688105,诺唯赞,大宗交易,"成交价 17.01,折溢率 -0.10%,买方 机构专用",2381400.0,产业资本
2026-07-27,688105,诺唯赞,大宗交易,"成交价 17.01,折溢率 -0.10%,买方 机构专用",2041200.0,产业资本
2026-07-27,688105,诺唯赞,大宗交易,"成交价 17.01,折溢率 -0.10%,买方 机构专用",2447700.0,产业资本
2026-07-27,688105,诺唯赞,大宗交易,"成交价 17.01,折溢率 -0.10%,买方 机构专用",2381400.0,产业资本
2026-07-27,301273,瑞晨环保,大宗交易,"成交价 30.94,折溢率 -0.23%,买方 机构专用",2001800.0,产业资本
2026-07-27,301298,东利机械,大宗交易,"成交价 8.5,折溢率 -0.22%,买方 财达证券股份有限公司保定蠡县永盛南大街证券营业部",2014500.0,产业资本
2026-07-27,688105,诺唯赞,大宗交易,"成交价 17.01,折溢率 -0.10%,买方 广发证券股份有限公司总部",4592700.0,产业资本
2026-07-27,688105,诺唯赞,大宗交易,"成交价 17.01,折溢率 -0.10%,买方 机构专用",2041200.0,产业资本
2026-07-27,688105,诺唯赞,大宗交易,"成交价 17.01,折溢率 -0.10%,买方 中信证券股份有限公司徐州建国西路证券营业部",2041200.0,产业资本
2026-07-27,603811,诚意药业,大宗交易,"成交价 6.24,折溢率 -0.11%,买方 中信证券股份有限公司温州分公司",2496000.0,产业资本
2026-07-27,688105,诺唯赞,大宗交易,"成交价 17.01,折溢率 -0.10%,买方 机构专用",2381400.0,产业资本
2026-07-27,688105,诺唯赞,大宗交易,"成交价 17.01,折溢率 -0.10%,买方 机构专用",2041200.0,产业资本
2026-07-27,688105,诺唯赞,大宗交易,"成交价 17.01,折溢率 -0.10%,买方 机构专用",2041200.0,产业资本
2026-07-27,688105,诺唯赞,大宗交易,"成交价 17.01,折溢率 -0.10%,买方 机构专用",2041200.0,产业资本
2026-07-27,688105,诺唯赞,大宗交易,"成交价 17.01,折溢率 -0.10%,买方 机构专用",2381400.0,产业资本
2026-07-27,688779,五矿新能,大宗交易,"成交价 6.67,折溢率 -0.08%,买方 中信证券股份有限公司徐州建国西路证券营业部",6670000.0,产业资本
2026-07-27,688758,赛分科技,大宗交易,"成交价 24.87,折溢率 -0.01%,买方 中信建投证券股份有限公司总部",7461000.0,产业资本
2026-07-27,688757,胜科纳米,大宗交易,"成交价 31.45,折溢率 -0.01%,买方 中国银河证券股份有限公司南京江东中路证券营业部",2003400.0,产业资本
2026-07-27,688729,屹唐股份,大宗交易,"成交价 28.15,折溢率 -0.02%,买方 机构专用",9852500.0,产业资本
2026-07-27,688779,五矿新能,大宗交易,"成交价 6.67,折溢率 -0.08%,买方 机构专用",3335000.0,产业资本
2026-07-27,688105,诺唯赞,大宗交易,"成交价 17.01,折溢率 -0.10%,买方 机构专用",2041200.0,产业资本
2026-07-27,688105,诺唯赞,大宗交易,"成交价 17.01,折溢率 -0.10%,买方 机构专用",2381400.0,产业资本
2026-07-27,688105,诺唯赞,大宗交易,"成交价 17.01,折溢率 -0.10%,买方 机构专用",2041200.0,产业资本
2026-07-27,688105,诺唯赞,大宗交易,"成交价 17.01,折溢率 -0.10%,买方 机构专用",2381400.0,产业资本
2026-07-27,688180,君实生物,大宗交易,"成交价 37.09,折溢率 -0.01%,买方 机构专用",20399500.0,产业资本
2026-07-27,688105,诺唯赞,大宗交易,"成交价 17.01,折溢率 -0.10%,买方 机构专用",2041200.0,产业资本
2026-07-27,603061,金海通,大宗交易,"成交价 265.14,折溢率 -0.14%,买方 长城证券股份有限公司总部",2121100.0,产业资本
2026-07-27,603061,金海通,大宗交易,"成交价 265.14,折溢率 -0.14%,买方 中信证券股份有限公司四川分公司",2015100.0,产业资本
2026-07-27,603618,杭电股份,大宗交易,"成交价 22.92,折溢率 -0.11%,买方 中信证券股份有限公司总部(非营业场所)",5730000.0,产业资本
2026-07-27,603061,金海通,大宗交易,"成交价 265.14,折溢率 -0.14%,买方 浙商证券股份有限公司绍兴分公司",6628500.0,产业资本
2026-07-27,603061,金海通,大宗交易,"成交价 265.14,折溢率 -0.14%,买方 机构专用",2651400.0,产业资本
2026-07-27,603061,金海通,大宗交易,"成交价 265.14,折溢率 -0.14%,买方 中信证券股份有限公司上海浦东新区东方路证券营业部",2015100.0,产业资本
2026-07-27,603061,金海通,大宗交易,"成交价 265.14,折溢率 -0.14%,买方 中国银河证券股份有限公司金华八一南街证券营业部",3977100.0,产业资本
2026-07-27,603061,金海通,大宗交易,"成交价 265.14,折溢率 -0.14%,买方 中国银河证券股份有限公司金华八一南街证券营业部",3977100.0,产业资本
2026-07-27,603061,金海通,大宗交易,"成交价 265.14,折溢率 -0.14%,买方 中信建投证券股份有限公司宁夏分公司",2916500.0,产业资本
2026-07-27,603061,金海通,大宗交易,"成交价 265.14,折溢率 -0.14%,买方 浙商证券股份有限公司青田涌潮街证券营业部",6628500.0,产业资本
2026-07-27,603061,金海通,大宗交易,"成交价 265.14,折溢率 -0.14%,买方 浙商证券股份有限公司义乌江滨北路证券营业部",3977100.0,产业资本
2026-07-27,603061,金海通,大宗交易,"成交价 265.14,折溢率 -0.14%,买方 广发证券股份有限公司佛山灯湖东路证券营业部",5302800.0,产业资本
2026-07-27,603061,金海通,大宗交易,"成交价 265.14,折溢率 -0.14%,买方 中国银河证券股份有限公司金华八一南街证券营业部",3977100.0,产业资本
2026-07-27,603061,金海通,大宗交易,"成交价 265.14,折溢率 -0.14%,买方 中信建投证券股份有限公司北京方庄路证券营业部",2015100.0,产业资本
2026-07-27,603618,杭电股份,大宗交易,"成交价 22.92,折溢率 -0.11%,买方 浙商证券股份有限公司上海长乐路证券营业部",2979600.0,产业资本
2026-07-27,603061,金海通,大宗交易,"成交价 265.14,折溢率 -0.14%,买方 国都证券股份有限公司江苏分公司",7954200.0,产业资本
2026-07-27,603813,原尚股份,大宗交易,"成交价 27.74,折溢率 -0.02%,买方 西部证券股份有限公司西安东大街证券营业部",4161000.0,产业资本
2026-07-27,603061,金海通,大宗交易,"成交价 265.14,折溢率 -0.14%,买方 招商证券股份有限公司西安北大街证券营业部",5302800.0,产业资本
2026-07-27,603226,菲林格尔,大宗交易,"成交价 41.74,折溢率 -0.13%,买方 机构专用",2087000.0,产业资本
2026-07-27,603226,菲林格尔,大宗交易,"成交价 41.74,折溢率 -0.13%,买方 国泰海通证券股份有限公司总部",2087000.0,产业资本
2026-07-27,603609,禾丰股份,大宗交易,"成交价 5.55,折溢率 -0.10%,买方 广发证券股份有限公司沈阳小西路证券营业部",7770000.0,产业资本
2026-07-27,603618,杭电股份,大宗交易,"成交价 22.92,折溢率 -0.11%,买方 招商证券股份有限公司西安北大街证券营业部",3667200.0,产业资本
2026-07-27,603618,杭电股份,大宗交易,"成交价 22.92,折溢率 -0.11%,买方 瑞银证券有限责任公司上海花园石桥路证券营业部",3683200.0,产业资本
2026-07-27,603618,杭电股份,大宗交易,"成交价 22.92,折溢率 -0.11%,买方 浙商证券股份有限公司台州环城东路证券营业部",5730000.0,产业资本
2026-07-27,603618,杭电股份,大宗交易,"成交价 22.92,折溢率 -0.11%,买方 中国银河证券股份有限公司金华八一南街证券营业部",3667200.0,产业资本
2026-07-27,603618,杭电股份,大宗交易,"成交价 22.92,折溢率 -0.11%,买方 甬兴证券有限公司宁波分公司",2062800.0,产业资本
2026-07-27,603618,杭电股份,大宗交易,"成交价 22.92,折溢率 -0.11%,买方 机构专用",2046800.0,产业资本
2026-07-27,603618,杭电股份,大宗交易,"成交价 22.92,折溢率 -0.11%,买方 浙商证券股份有限公司上海长乐路证券营业部",2062800.0,产业资本
2026-07-27,603061,金海通,大宗交易,"成交价 265.14,折溢率 -0.14%,买方 浙商证券股份有限公司金华分公司",6628500.0,产业资本
2026-07-27,603061,金海通,大宗交易,"成交价 265.14,折溢率 -0.14%,买方 机构专用",2015100.0,产业资本
2026-07-27,603061,金海通,大宗交易,"成交价 265.14,折溢率 -0.14%,买方 浙商证券股份有限公司绍兴分公司",3977100.0,产业资本
2026-07-27,603226,菲林格尔,大宗交易,"成交价 41.74,折溢率 -0.13%,买方 机构专用",7930600.0,产业资本
2026-07-27,300682,朗新科技,大宗交易,"成交价 9.55,折溢率 -0.06%,买方 中信证券股份有限公司北京亚运村证券营业部",23545500.0,产业资本
2026-07-27,688775,影石创新,大宗交易,"成交价 128.58,折溢率 -0.01%,买方 机构专用",19287000.0,产业资本
2026-07-27,300619,金银河,大宗交易,"成交价 23.57,折溢率 +0.00%,买方 广发证券股份有限公司佛山三水南丰大道证券营业部",35111000.0,产业资本
2026-07-27,300619,金银河,大宗交易,"成交价 23.57,折溢率 +0.00%,买方 国联民生证券股份有限公司广州华夏路证券营业部",49025600.0,产业资本
2026-07-27,301127,武汉天源,龙虎榜,上榜:日跌幅达到15%的前5只证券;龙虎榜净买 -0.7亿,-67111226.04,游资
2026-07-27,301234,五洲医疗,龙虎榜,上榜:日涨幅达到15%的前5只证券;龙虎榜净买 0.4亿,35307804.9,游资
2026-07-27,301520,万邦医药,龙虎榜,上榜:日换手率达到30%的前5只证券;龙虎榜净买 -0.0亿,-4988510.77,游资
2026-07-27,301526,国际复材,龙虎榜,上榜:日涨幅达到15%的前5只证券;龙虎榜净买 7.2亿,720425872.57,游资
2026-07-27,301583,托伦斯,龙虎榜,上榜:日换手率达到30%的前5只证券;龙虎榜净买 -1.3亿,-131792617.44,游资
2026-07-27,600539,狮头股份,龙虎榜,上榜:有价格涨跌幅限制的日换手率达到20%的前五只证券;龙虎榜净买 0.1亿,8888374.81999999,游资
2026-07-27,600617,国新能源,龙虎榜,上榜:有价格涨跌幅限制的日收盘价格涨幅偏离值达到7%的前五只证券;龙虎榜净买 -0.1亿,-12061258.83,游资
2026-07-27,600664,哈药股份,龙虎榜,上榜:有价格涨跌幅限制的日换手率达到20%的前五只证券;龙虎榜净买 -0.7亿,-69903808.24,游资
2026-07-27,600722,金牛化工,龙虎榜,上榜:有价格涨跌幅限制的日收盘价格跌幅偏离值达到7%的前五只证券;龙虎榜净买 -0.0亿,-3813371.1,游资
2026-07-27,600909,华安证券,龙虎榜,上榜:有价格涨跌幅限制的日收盘价格跌幅偏离值达到7%的前五只证券;龙虎榜净买 -0.1亿,-9646166.63999999,游资
2026-07-27,601218,吉鑫科技,龙虎榜,上榜:有价格涨跌幅限制的日收盘价格涨幅偏离值达到7%的前五只证券;龙虎榜净买 0.1亿,13752640.12,游资
2026-07-27,601678,滨化股份,龙虎榜,上榜:非S证券连续三个交易日内收盘价格涨幅偏离值累计达到20%的证券;龙虎榜净买 2.6亿,264327961.67,游资
2026-07-27,603065,宿迁联盛,龙虎榜,上榜:有价格涨跌幅限制的日价格振幅达到15%的前五只证券;龙虎榜净买 0.3亿,29193606.02,游资
2026-07-27,603082,北自科技,龙虎榜,上榜:非S证券连续三个交易日内收盘价格涨幅偏离值累计达到20%的证券;龙虎榜净买 0.2亿,22777982.22,游资
2026-07-27,603097,江苏华辰,龙虎榜,上榜:有价格涨跌幅限制的日收盘价格涨幅偏离值达到7%的前五只证券;龙虎榜净买 -0.1亿,-6772096.31,游资
2026-07-27,603137,恒尚节能,龙虎榜,上榜:有价格涨跌幅限制的日价格振幅达到15%的前五只证券;龙虎榜净买 -0.1亿,-10055901.32,游资
2026-07-27,603221,爱丽家居,龙虎榜,上榜:非S证券连续三个交易日内收盘价格涨幅偏离值累计达到20%的证券;龙虎榜净买 0.2亿,18536525.0,游资
2026-07-27,603378,*ST亚士,龙虎榜,上榜:非S证券连续三个交易日内收盘价格涨幅偏离值累计达到20%的证券;龙虎榜净买 0.1亿,11547467.36,游资
2026-07-27,603400,华之杰,龙虎榜,上榜:有价格涨跌幅限制的日换手率达到20%的前五只证券;龙虎榜净买 -0.4亿,-43990059.5,游资
2026-07-27,603459,红板科技,龙虎榜,上榜:有价格涨跌幅限制的日换手率达到20%的前五只证券;龙虎榜净买 -0.5亿,-51761794.19,游资
2026-07-27,603567,珍宝岛,龙虎榜,上榜:有价格涨跌幅限制的日价格振幅达到15%的前五只证券;龙虎榜净买 1.0亿,103507283.64,游资
2026-07-27,603580,艾艾精工,龙虎榜,上榜:有价格涨跌幅限制的日价格振幅达到15%的前五只证券;龙虎榜净买 -0.3亿,-32729371.28,游资
2026-07-27,603619,中曼石油,龙虎榜,上榜:有价格涨跌幅限制的日收盘价格跌幅偏离值达到7%的前五只证券;龙虎榜净买 -0.5亿,-53180743.69,游资
2026-07-27,603690,至纯科技,龙虎榜,上榜:非S证券连续三个交易日内收盘价格涨幅偏离值累计达到20%的证券;龙虎榜净买 0.9亿,91452395.04,游资
2026-07-27,300534,陇神戎发,龙虎榜,上榜:日涨幅达到15%的前5只证券;龙虎榜净买 1.3亿,129126443.16,游资
2026-07-27,300407,凯发电气,龙虎榜,上榜:连续三个交易日内，涨幅偏离值累计达到30%的证券;龙虎榜净买 -0.2亿,-19436727.09,游资
2026-07-27,301122,采纳股份,龙虎榜,上榜:连续三个交易日内，涨幅偏离值累计达到30%的证券;龙虎榜净买 -0.1亿,-9129933.40000001,游资
2026-07-27,300444,双杰电气,龙虎榜,上榜:连续三个交易日内，涨幅偏离值累计达到30%的证券;龙虎榜净买 -1.0亿,-98973467.96,游资
2026-07-27,600775,南京熊猫,龙虎榜,上榜:有价格涨跌幅限制的日收盘价格涨幅偏离值达到7%的前五只证券;龙虎榜净买 0.3亿,29458307.35,游资
2026-07-27,688779,五矿新能,大宗交易,"成交价 6.67,折溢率 -0.08%,买方 招商证券股份有限公司西安北大街证券营业部",6670000.0,产业资本
2026-07-27,300414,中光防雷,龙虎榜,上榜:连续三个交易日内，涨幅偏离值累计达到30%的证券;龙虎榜净买 -0.1亿,-13764858.0,游资
2026-07-27,002218,拓日新能,龙虎榜,上榜:日振幅值达到15%的前5只证券;龙虎榜净买 -0.2亿,-22836869.92,游资
2026-07-27,002211,ST宏达,龙虎榜,上榜:连续三个交易日内，涨幅偏离值累计达到20%的证券;龙虎榜净买 0.0亿,3077766.0,游资
2026-07-27,002173,创新医疗,龙虎榜,上榜:连续三个交易日内，涨幅偏离值累计达到20%的证券;龙虎榜净买 1.7亿,171443843.91,游资
2026-07-27,002141,贤丰控股,龙虎榜,上榜:日振幅值达到15%的前5只证券;龙虎榜净买 2.1亿,208703855.0,游资
2026-07-27,002083,孚日股份,龙虎榜,上榜:日换手率达到20%的前5只证券;龙虎榜净买 -1.2亿,-124021839.0,游资
2026-07-27,000779,甘咨询,龙虎榜,上榜:日换手率达到20%的前5只证券;龙虎榜净买 -1.4亿,-135568836.16,游资
2026-07-27,000672,上峰材料,龙虎榜,上榜:日跌幅偏离值达到7%的前5只证券;龙虎榜净买 -0.6亿,-64225658.69,游资
2026-07-27,000670,盈方微,龙虎榜,上榜:连续三个交易日内，涨幅偏离值累计达到20%的证券;龙虎榜净买 0.1亿,13239938.0,游资
2026-07-27,002265,建设工业,龙虎榜,上榜:日振幅值达到15%的前5只证券;龙虎榜净买 -0.2亿,-24449039.91,游资
2026-07-27,000417,合百集团,龙虎榜,上榜:日跌幅偏离值达到7%的前5只证券;龙虎榜净买 -0.1亿,-12641290.79,游资
2026-07-27,000636,风华高科,龙虎榜,上榜:日涨幅偏离值达到7%的前5只证券;龙虎榜净买 1.2亿,122750817.05,游资
2026-07-27,000815,美利云,龙虎榜,上榜:日换手率达到20%的前5只证券;龙虎榜净买 -2.8亿,-278499890.3,游资
2026-07-27,603903,中持股份,龙虎榜,上榜:有价格涨跌幅限制的日收盘价格跌幅偏离值达到7%的前五只证券;龙虎榜净买 -0.5亿,-52077024.0,游资
2026-07-27,603823,百合花,龙虎榜,上榜:有价格涨跌幅限制的日收盘价格跌幅偏离值达到7%的前五只证券;龙虎榜净买 -1.2亿,-116325003.89,游资
2026-07-27,002407,多氟多,龙虎榜,上榜:日涨幅偏离值达到7%的前5只证券;龙虎榜净买 2.5亿,247560536.62,游资
2026-07-27,002409,雅克科技,龙虎榜,上榜:日涨幅偏离值达到7%的前5只证券;龙虎榜净买 1.8亿,178607866.93,游资
2026-07-27,002484,江海股份,龙虎榜,上榜:日涨幅偏离值达到7%的前5只证券;龙虎榜净买 3.5亿,352505043.2,游资
2026-07-27,002490,山东墨龙,龙虎榜,上榜:日跌幅偏离值达到7%的前5只证券;龙虎榜净买 0.2亿,15361529.42,游资
2026-07-27,002674,兴业科技,龙虎榜,上榜:日振幅值达到15%的前5只证券;龙虎榜净买 0.4亿,41271544.55,游资
2026-07-27,002774,快意电梯,龙虎榜,上榜:日跌幅偏离值达到7%的前5只证券;龙虎榜净买 -0.2亿,-17023918.0,游资
2026-07-27,002879,长缆科技,龙虎榜,上榜:日换手率达到20%的前5只证券;龙虎榜净买 0.0亿,1162682.35000001,游资
2026-07-27,003013,地铁设计,龙虎榜,上榜:连续三个交易日内，涨幅偏离值累计达到20%的证券;龙虎榜净买 -0.0亿,-1445033.17999999,游资
2026-07-27,003033,征和工业,龙虎榜,上榜:日跌幅偏离值达到7%的前5只证券;龙虎榜净买 -0.0亿,-1503686.0,游资
2026-07-27,123213,天源转债,龙虎榜,上榜:日跌幅达到15%的前5只可转债;龙虎榜净买 -0.0亿,-1221337.26999998,游资
2026-07-27,300164,通源石油,龙虎榜,上榜:日换手率达到30%的前5只证券;龙虎榜净买 0.9亿,85404607.39,游资
2026-07-27,300214,日科化学,龙虎榜,上榜:日涨幅达到15%的前5只证券;龙虎榜净买 0.6亿,60814942.62,游资
2026-07-27,002353,杰瑞股份,龙虎榜,上榜:连续三个交易日内，涨幅偏离值累计达到20%的证券;龙虎榜净买 -3.6亿,-357493612.99,游资
2026-07-27,003001,中岩大地,龙虎榜,上榜:日换手率达到20%的前5只证券;龙虎榜净买 -0.3亿,-26931221.1,游资
2026-07-27,920305,云创退,龙虎榜,上榜:退市整理期;龙虎榜净买 0.0亿,1256785.98,游资
2026-07-27,002388,新亚制程,龙虎榜,上榜:连续三个交易日内，涨幅偏离值累计达到20%的证券;龙虎榜净买 0.2亿,24718589.0,游资
2026-07-27,688663,新风光,龙虎榜,上榜:有价格涨跌幅限制的日收盘价格涨幅达到15%的前五只证券;龙虎榜净买 0.4亿,35264335.95,游资
2026-07-27,002109,ST兴化,大宗交易,"成交价 2.53,折溢率 +0.00%,买方 开源证券股份有限公司西安高新分公司",1265000.0,产业资本
2026-07-27,002531,天顺风能,大宗交易,"成交价 5.81,折溢率 -0.08%,买方 机构专用",6391000.0,产业资本
2026-07-27,002531,天顺风能,大宗交易,"成交价 5.81,折溢率 -0.08%,买方 机构专用",13363000.0,产业资本
2026-07-27,002531,天顺风能,大宗交易,"成交价 5.81,折溢率 -0.08%,买方 中国银河证券股份有限公司金华八一南街证券营业部",4125100.0,产业资本
2026-07-27,002531,天顺风能,大宗交易,"成交价 5.81,折溢率 -0.08%,买方 甬兴证券有限公司宁波分公司",2091600.0,产业资本
2026-07-27,002531,天顺风能,大宗交易,"成交价 5.81,折溢率 -0.08%,买方 广发证券股份有限公司沧州解放路证券营业部",2905000.0,产业资本
2026-07-27,002531,天顺风能,大宗交易,"成交价 5.81,折溢率 -0.08%,买方 中信证券股份有限公司苏州分公司",4357500.0,产业资本
2026-07-27,002531,天顺风能,大宗交易,"成交价 5.81,折溢率 -0.08%,买方 招商证券股份有限公司南京庐山路证券营业部",4312600.0,产业资本
2026-07-27,002531,天顺风能,大宗交易,"成交价 5.81,折溢率 -0.08%,买方 机构专用",2324000.0,产业资本
2026-07-27,002531,天顺风能,大宗交易,"成交价 5.81,折溢率 -0.08%,买方 中信建投证券股份有限公司北京朝阳分公司",4357500.0,产业资本
2026-07-27,002531,天顺风能,大宗交易,"成交价 5.81,折溢率 -0.08%,买方 机构专用",5229000.0,产业资本
2026-07-27,002531,天顺风能,大宗交易,"成交价 5.81,折溢率 -0.08%,买方 浙商证券股份有限公司上海长乐路证券营业部",2905000.0,产业资本
2026-07-27,001309,德明利,大宗交易,"成交价 399.89,折溢率 -0.00%,买方 广发证券股份有限公司深圳福华一路证券营业部",44987600.0,产业资本
2026-07-27,002044,美年健康,大宗交易,"成交价 4.13,折溢率 -0.07%,买方 中信建投证券股份有限公司北京海淀分公司",20650000.0,产业资本
2026-07-27,002531,天顺风能,大宗交易,"成交价 5.81,折溢率 -0.08%,买方 广发证券股份有限公司佛山灯湖东路证券营业部",4357500.0,产业资本
2026-07-27,002634,*ST棒杰,大宗交易,"成交价 4.33,折溢率 +0.09%,买方 东方证券股份有限公司上海黄浦区中华路证券营业部",2165000.0,产业资本
2026-07-27,002634,*ST棒杰,大宗交易,"成交价 4.33,折溢率 +0.09%,买方 东方证券股份有限公司上海黄浦区中华路证券营业部",2165000.0,产业资本
2026-07-27,002800,天顺股份,大宗交易,"成交价 10.51,折溢率 -0.12%,买方 机构专用",5002800.0,产业资本
2026-07-27,002800,天顺股份,大宗交易,"成交价 10.51,折溢率 -0.12%,买方 甬兴证券有限公司宁波分公司",2627500.0,产业资本
2026-07-27,002973,侨银股份,大宗交易,"成交价 8.24,折溢率 -0.10%,买方 机构专用",6592000.0,产业资本
2026-07-27,300027,ST华谊,大宗交易,"成交价 1.28,折溢率 -0.22%,买方 东海证券股份有限公司珠海吉大路证券营业部",640000.0,产业资本
2026-07-27,300088,长信科技,大宗交易,"成交价 5.3,折溢率 -0.24%,买方 中国中金财富证券有限公司上海黄浦区中山东二路证券营业部",3641100.0,产业资本
2026-07-27,300323,华灿光电,大宗交易,"成交价 8.95,折溢率 -0.23%,买方 华西证券股份有限公司南通工农路证券营业部",3004500.0,产业资本
2026-07-27,300558,贝达药业,大宗交易,"成交价 46.66,折溢率 -0.23%,买方 中信建投证券股份有限公司北京朝阳分公司",16564300.0,产业资本
2026-07-27,002044,美年健康,大宗交易,"成交价 4.13,折溢率 -0.07%,买方 机构专用",7434000.0,产业资本
2026-07-27,002044,美年健康,大宗交易,"成交价 4.13,折溢率 -0.07%,买方 机构专用",6195000.0,产业资本
2026-07-27,002044,美年健康,大宗交易,"成交价 4.13,折溢率 -0.07%,买方 机构专用",6195000.0,产业资本
2026-07-27,002531,天顺风能,大宗交易,"成交价 5.81,折溢率 -0.08%,买方 中信证券股份有限公司上海世博馆路证券营业部",2091600.0,产业资本
2026-07-27,002634,*ST棒杰,大宗交易,"成交价 4.33,折溢率 +0.09%,买方 东方证券股份有限公司上海黄浦区中华路证券营业部",2165000.0,产业资本
2026-07-27,001388,信通电子,大宗交易,"成交价 19.84,折溢率 -0.10%,买方 浙商证券股份有限公司江苏分公司",2976000.0,产业资本
2026-07-27,002531,天顺风能,大宗交易,"成交价 5.81,折溢率 -0.08%,买方 华泰证券股份有限公司上海虹口区飞虹路证券营业部",7262500.0,产业资本
2026-07-27,688171,纬德信息,龙虎榜,上榜:有价格涨跌幅限制的日收盘价格涨幅达到15%的前五只证券;龙虎榜净买 0.2亿,16517180.17,游资
2026-07-27,688709,成都华微,龙虎榜,上榜:有价格涨跌幅限制的日收盘价格涨幅达到15%的前五只证券;龙虎榜净买 0.4亿,43713743.75,游资
2026-07-27,920079,乔路铭,龙虎榜,上榜:当日换手率达到20%的前5只股票;龙虎榜净买 0.2亿,20934272.19,游资
2026-07-27,688237,超卓航科,龙虎榜,上榜:有价格涨跌幅限制的连续3个交易日内收盘价格涨幅偏离值累计达到30%的证券;龙虎榜净买 0.1亿,8616839.12000001,游资
2026-07-27,920088,科力股份,龙虎榜,上榜:当日换手率达到20%的前5只股票;龙虎榜净买 0.3亿,27978935.0,游资
2026-07-27,920117,龙鑫智能,龙虎榜,上榜:当日换手率达到20%的前5只股票;龙虎榜净买 -0.0亿,-2064192.98,游资
2026-07-27,920222,益坤电气,龙虎榜,上榜:当日换手率达到20%的前5只股票;龙虎榜净买 -0.0亿,-2219098.68,游资
2026-07-27,920238,长鹰硬科,龙虎榜,上榜:当日换手率达到20%的前5只股票;龙虎榜净买 0.1亿,9080170.44,游资
2026-07-27,300795,米奥会展,龙虎榜,上榜:日涨幅达到15%的前5只证券;龙虎榜净买 1.0亿,98942611.79,游资
2026-07-27,301662,宏工科技,回购,回购进度:董事会预案;已回购 —,,产业资本
2026-07-27,300925,法本信息,回购,回购进度:nan;已回购 —,,产业资本
2026-07-27,688146,中船特气,龙虎榜,上榜:有价格涨跌幅限制的连续3个交易日内收盘价格涨幅偏离值累计达到30%的证券;龙虎榜净买 6.5亿,648353388.29,游资
2026-07-27,300095,华伍股份,回购,回购进度:董事会预案;已回购 —,,产业资本
2026-07-27,688496,*ST清越,龙虎榜,上榜:有价格涨跌幅限制的日收盘价格涨幅达到15%的前五只证券;龙虎榜净买 -0.0亿,-189077.65,游资
2026-07-27,002888,惠威科技,回购,回购进度:实施中;已回购 0.0亿,2534212.0,产业资本
2026-07-27,301290,东星医疗,回购,回购进度:实施中;已回购 0.1亿,9856771.0,产业资本
2026-07-27,301252,同星科技,回购,回购进度:董事会预案;已回购 —,,产业资本
2026-07-27,300790,宇瞳光学,回购,回购进度:完成实施;已回购 0.3亿,30092937.6,产业资本
2026-07-27,301115,联检科技,回购,回购进度:实施中;已回购 0.0亿,2095731.0,产业资本
2026-07-27,300001,特锐德,回购,回购进度:nan;已回购 —,,产业资本
2026-07-27,001255,博菲电气,大宗交易,"成交价 19.55,折溢率 -0.13%,买方 光大证券股份有限公司宁波北仑新碶证券营业部",10557000.0,产业资本
2026-07-27,688779,五矿新能,大宗交易,"成交价 6.67,折溢率 -0.08%,买方 浙商证券股份有限公司上海长乐路证券营业部",6670000.0,产业资本
2026-07-27,001229,魅视科技,大宗交易,"成交价 38.27,折溢率 +0.00%,买方 东方证券股份有限公司杭州龙井路证券营业部",86107500.0,产业资本
2026-07-27,000810,创维数字,大宗交易,"成交价 9.24,折溢率 +0.00%,买方 招商证券股份有限公司深圳益田路免税商务大厦证券营业部",30584400.0,产业资本
2026-07-27,001255,博菲电气,大宗交易,"成交价 19.55,折溢率 -0.13%,买方 光大证券股份有限公司宁波北仑新碶证券营业部",6256000.0,产业资本
2026-07-27,000712,锦龙股份,大宗交易,"成交价 8.25,折溢率 -0.03%,买方 机构专用",40590000.0,产业资本
2026-07-27,000523,红棉股份,大宗交易,"成交价 2.39,折溢率 -0.12%,买方 中银国际证券股份有限公司揭阳揭东路篦路证券营业部",2900300.0,产业资本
2026-07-27,000157,中联重科,大宗交易,"成交价 6.75,折溢率 -0.10%,买方 东方财富证券股份有限公司山南香曲东路证券营业部",15014000.0,产业资本
2026-07-27,002929,润建股份,回购,回购进度:实施中;已回购 0.6亿,60920385.3,产业资本
2026-07-27,000790,华神科技,大宗交易,"成交价 3.24,折溢率 -0.13%,买方 中信证券股份有限公司泉州温陵北路证券营业部",4804900.0,产业资本
2026-07-28,000533,顺钠股份,龙虎榜,上榜:日换手率达到20%的前5只证券;龙虎榜净买 -1.0亿,-95269280.18,游资
2026-07-28,000566,海南海药,龙虎榜,上榜:连续三个交易日内，涨幅偏离值累计达到20%的证券;龙虎榜净买 2.4亿,236247314.24,游资
2026-07-28,000909,*ST数源,龙虎榜,上榜:连续三个交易日内，涨幅偏离值累计达到20%的证券;龙虎榜净买 0.1亿,5116793.08,游资
2026-07-28,001248,华润新能源,龙虎榜,上榜:日换手率达到20%的前5只证券;龙虎榜净买 -2.9亿,-286457538.82,游资
2026-07-28,001258,立新能源,龙虎榜,上榜:日振幅值达到15%的前5只证券;龙虎榜净买 -1.6亿,-161308739.88,游资
2026-07-28,001358,兴欣新材,龙虎榜,上榜:连续三个交易日内，涨幅偏离值累计达到20%的证券;龙虎榜净买 0.1亿,11800329.34,游资
2026-07-28,002310,东方新能,龙虎榜,上榜:日涨幅偏离值达到7%的前5只证券;龙虎榜净买 0.7亿,66754398.92,游资
2026-07-28,002195,岩山科技,龙虎榜,上榜:日涨幅偏离值达到7%的前5只证券;龙虎榜净买 2.8亿,281306696.94,游资
2026-07-28,002309,中利集团,龙虎榜,上榜:连续三个交易日内，涨幅偏离值累计达到20%的证券;龙虎榜净买 1.9亿,187049017.66,游资
2026-07-28,301139,*ST元道,龙虎榜,上榜:日涨幅达到15%的前5只证券;龙虎榜净买 0.0亿,555464.000000001,游资
2026-07-28,002647,仁东控股,龙虎榜,上榜:连续三个交易日内，涨幅偏离值累计达到20%的证券;龙虎榜净买 -0.5亿,-47168514.63,游资
2026-07-28,002407,多氟多,龙虎榜,上榜:日换手率达到20%的前5只证券;龙虎榜净买 -3.1亿,-314510542.24,游资
2026-07-28,000428,华天酒店,龙虎榜,上榜:连续三个交易日内，涨幅偏离值累计达到20%的证券;龙虎榜净买 0.1亿,9600268.16,游资
2026-07-28,002141,贤丰控股,龙虎榜,上榜:日换手率达到20%的前5只证券;龙虎榜净买 -2.3亿,-227937593.84,游资
2026-07-28,688775,影石创新,大宗交易,"成交价 126.03,折溢率 -0.01%,买方 机构专用",18904500.0,产业资本
2026-07-28,300502,新易盛,龙虎榜,上榜:日跌幅达到15%的前5只证券;龙虎榜净买 19.3亿,1927535181.89,游资
2026-07-28,002879,长缆科技,龙虎榜,上榜:日换手率达到20%的前5只证券;龙虎榜净买 -0.1亿,-5462832.44000001,游资
2026-07-28,300164,通源石油,龙虎榜,上榜:日换手率达到30%的前5只证券;龙虎榜净买 -0.6亿,-61821250.47,游资
2026-07-28,920176,维琪科技,龙虎榜,上榜:当日收盘价跌幅达到-20%的前5只股票;龙虎榜净买 -0.1亿,-7594506.39,游资
2026-07-28,300290,ST荣科,龙虎榜,上榜:日涨幅达到15%的前5只证券;龙虎榜净买 -0.0亿,-1316912.55,游资
2026-07-28,300308,中际旭创,龙虎榜,上榜:日跌幅达到15%的前5只证券;龙虎榜净买 28.4亿,2838898384.3,游资
2026-07-28,300534,陇神戎发,龙虎榜,上榜:日换手率达到30%的前5只证券;龙虎榜净买 -0.0亿,-1010625.47999999,游资
2026-07-28,003032,传智教育,龙虎榜,上榜:连续三个交易日内，涨幅偏离值累计达到20%的证券;龙虎榜净买 0.3亿,25949786.0,游资
2026-07-28,300592,华凯易佰,龙虎榜,上榜:日跌幅达到15%的前5只证券;龙虎榜净买 -1.1亿,-111412194.7,游资
2026-07-28,300753,爱朋医疗,龙虎榜,上榜:日换手率达到30%的前5只证券;龙虎榜净买 -0.0亿,-1363206.02,游资
2026-07-28,300802,矩子科技,龙虎榜,上榜:连续三个交易日内，涨幅偏离值累计达到30%的证券;龙虎榜净买 1.2亿,119355571.43,游资
2026-07-28,300825,阿尔特,龙虎榜,上榜:连续三个交易日内，涨幅偏离值累计达到30%的证券;龙虎榜净买 -0.6亿,-59489758.54,游资
2026-07-28,300897,山科智能,龙虎榜,上榜:连续三个交易日内，涨幅偏离值累计达到30%的证券;龙虎榜净买 -0.0亿,-2193230.72,游资
2026-07-28,300901,中胤时尚,龙虎榜,上榜:连续三个交易日内，涨幅偏离值累计达到30%的证券;龙虎榜净买 -0.2亿,-17182560.37,游资
2026-07-28,301018,申菱环境,龙虎榜,上榜:日跌幅达到15%的前5只证券;龙虎榜净买 -2.3亿,-230097688.0,游资
2026-07-28,300663,科蓝软件,龙虎榜,上榜:日涨幅达到15%的前5只证券;龙虎榜净买 0.9亿,90653054.71,游资
2026-07-28,002969,嘉美包装,龙虎榜,上榜:连续三个交易日内，涨幅偏离值累计达到20%的证券;龙虎榜净买 -0.1亿,-5583480.62,游资
2026-07-28,002759,ST天际,龙虎榜,上榜:连续三个交易日内，涨幅偏离值累计达到20%的证券;龙虎榜净买 0.1亿,13302222.27,游资
2026-07-28,301421,波长光电,龙虎榜,上榜:日涨幅达到15%的前5只证券;龙虎榜净买 2.3亿,230473721.76,游资
2026-07-28,603232,格尔软件,龙虎榜,上榜:有价格涨跌幅限制的日收盘价格涨幅偏离值达到7%的前五只证券;龙虎榜净买 0.2亿,22689474.0,游资
2026-07-28,603716,塞力医疗,龙虎榜,上榜:非S证券连续三个交易日内收盘价格涨幅偏离值累计达到20%的证券;龙虎榜净买 0.8亿,75174804.67,游资
2026-07-28,600539,狮头股份,龙虎榜,上榜:有价格涨跌幅限制的日收盘价格跌幅偏离值达到7%的前五只证券;龙虎榜净买 -0.3亿,-26105191.02,游资
2026-07-28,600722,金牛化工,龙虎榜,上榜:有价格涨跌幅限制的日收盘价格跌幅偏离值达到7%的前五只证券;龙虎榜净买 -0.0亿,-3563044.28,游资
2026-07-28,600775,南京熊猫,龙虎榜,上榜:非S证券连续三个交易日内收盘价格涨幅偏离值累计达到20%的证券;龙虎榜净买 0.2亿,20431497.93,游资
2026-07-28,601208,东材科技,龙虎榜,上榜:有价格涨跌幅限制的日收盘价格跌幅偏离值达到7%的前五只证券;龙虎榜净买 -2.3亿,-226981656.45,游资
2026-07-28,601606,长城军工,龙虎榜,上榜:有价格涨跌幅限制的日价格振幅达到15%的前五只证券;龙虎榜净买 -1.0亿,-95461580.39,游资
2026-07-28,603065,宿迁联盛,龙虎榜,上榜:非S证券连续三个交易日内收盘价格涨幅偏离值累计达到20%的证券;龙虎榜净买 0.1亿,9915691.12000001,游资
2026-07-28,603082,北自科技,龙虎榜,上榜:有价格涨跌幅限制的日换手率达到20%的前五只证券;龙虎榜净买 -0.3亿,-32603367.31,游资
2026-07-28,603118,共进股份,龙虎榜,上榜:有价格涨跌幅限制的日换手率达到20%的前五只证券;龙虎榜净买 -0.9亿,-94533673.87,游资
2026-07-28,603228,景旺电子,龙虎榜,上榜:有价格涨跌幅限制的日收盘价格跌幅偏离值达到7%的前五只证券;龙虎榜净买 -2.6亿,-262212955.26,游资
2026-07-28,603297,永新光学,龙虎榜,上榜:单只标的证券的当日融资买入数量达到当日该证券总交易量的50％以上;龙虎榜净买 1.0亿,99230326.0,游资
2026-07-28,603358,华达科技,龙虎榜,上榜:非S证券连续三个交易日内收盘价格涨幅偏离值累计达到20%的证券;龙虎榜净买 0.6亿,62570738.6,游资
2026-07-28,603389,亚振家居,龙虎榜,上榜:非S证券连续三个交易日内收盘价格涨幅偏离值累计达到20%的证券;龙虎榜净买 -0.0亿,-2670520.73,游资
2026-07-28,301520,万邦医药,龙虎榜,上榜:日换手率达到30%的前5只证券;龙虎榜净买 -0.2亿,-23847397.42,游资
2026-07-28,920008,成电光信,大宗交易,"成交价 12.91,折溢率 -0.30%,买方 广发证券股份有限公司绍兴云东路营业部",26981900.0,产业资本
2026-07-28,300067,安诺其,龙虎榜,上榜:日涨幅达到15%的前5只证券;龙虎榜净买 0.6亿,63616838.45,游资
2026-07-28,600396,华电辽能,龙虎榜,上榜:有价格涨跌幅限制的日换手率达到20%的前五只证券;龙虎榜净买 0.0亿,4426737.25,游资
2026-07-28,301583,托伦斯,龙虎榜,上榜:日换手率达到30%的前5只证券;龙虎榜净买 -1.7亿,-174978012.29,游资
2026-07-28,600303,曙光股份,龙虎榜,上榜:有价格涨跌幅限制的日收盘价格涨幅偏离值达到7%的前五只证券;龙虎榜净买 0.1亿,10423377.92,游资
2026-07-28,603459,红板科技,龙虎榜,上榜:有价格涨跌幅限制的日换手率达到20%的前五只证券;龙虎榜净买 -0.3亿,-32748140.42,游资
2026-07-28,603918,金桥信息,龙虎榜,上榜:有价格涨跌幅限制的日收盘价格涨幅偏离值达到7%的前五只证券;龙虎榜净买 0.1亿,5498648.0,游资
2026-07-28,603928,兴业股份,龙虎榜,上榜:有价格涨跌幅限制的日收盘价格涨幅偏离值达到7%的前五只证券;龙虎榜净买 0.5亿,45969978.52,游资
2026-07-28,605068,明新旭腾,龙虎榜,上榜:有价格涨跌幅限制的日收盘价格涨幅偏离值达到7%的前五只证券;龙虎榜净买 0.1亿,9094907.0,游资
2026-07-28,605111,新洁能,龙虎榜,上榜:有价格涨跌幅限制的日收盘价格跌幅偏离值达到7%的前五只证券;龙虎榜净买 0.3亿,30999511.91,游资
2026-07-28,688089,ST嘉必优,龙虎榜,上榜:有价格涨跌幅限制的日收盘价格跌幅达到15%的前五只证券;龙虎榜净买 0.0亿,902086.5,游资
2026-07-28,603690,至纯科技,龙虎榜,上榜:有价格涨跌幅限制的日换手率达到20%的前五只证券;龙虎榜净买 -0.7亿,-67051059.66,游资
2026-07-28,688496,*ST清越,龙虎榜,上榜:有价格涨跌幅限制的日收盘价格涨幅达到15%的前五只证券;龙虎榜净买 -0.0亿,-714161.45,游资
2026-07-28,688622,*ST禾信,龙虎榜,上榜:有价格涨跌幅限制的连续3个交易日内收盘价格涨幅偏离值累计达到30%的证券;龙虎榜净买 -0.4亿,-38392417.1,游资
2026-07-28,688759,必贝特,龙虎榜,上榜:有价格涨跌幅限制的日收盘价格跌幅达到15%的前五只证券;龙虎榜净买 -2.0亿,-196949292.85,游资
2026-07-28,688765,禾元生物,龙虎榜,上榜:有价格涨跌幅限制的日收盘价格跌幅达到15%的前五只证券;龙虎榜净买 -3.1亿,-311148209.55,游资
2026-07-28,688783,西安奕材,龙虎榜,上榜:有价格涨跌幅限制的日收盘价格跌幅达到15%的前五只证券;龙虎榜净买 -6.1亿,-612229868.85,游资
2026-07-28,688806,泰诺麦博,龙虎榜,上榜:有价格涨跌幅限制的日换手率达到30%的前五只证券;龙虎榜净买 0.1亿,9530753.75,游资
2026-07-28,920079,乔路铭,龙虎榜,上榜:当日换手率达到20%的前5只股票;龙虎榜净买 0.1亿,10550695.0,游资
2026-07-28,688498,源杰科技,龙虎榜,上榜:有价格涨跌幅限制的日收盘价格跌幅达到15%的前五只证券;龙虎榜净买 -1.5亿,-150784001.78,游资
2026-07-28,603580,艾艾精工,龙虎榜,上榜:有价格涨跌幅限制的日价格振幅达到15%的前五只证券;龙虎榜净买 0.6亿,62234979.04,游资
2026-07-28,603400,华之杰,龙虎榜,上榜:有价格涨跌幅限制的日价格振幅达到15%的前五只证券;龙虎榜净买 0.1亿,10873335.17,游资
2026-07-28,920117,龙鑫智能,龙虎榜,上榜:当日换手率达到20%的前5只股票;龙虎榜净买 -0.0亿,-2573895.63,游资
2026-07-28,000779,甘咨询,龙虎榜,上榜:日涨幅偏离值达到7%的前5只证券;龙虎榜净买 0.1亿,8417210.06,游资
2026-07-28,920222,益坤电气,龙虎榜,上榜:当日换手率达到20%的前5只股票;龙虎榜净买 -0.1亿,-14613006.39,游资
2026-07-28,002409,雅克科技,大宗交易,"成交价 166.43,折溢率 +0.00%,买方 华泰证券股份有限公司福建分公司",6990100.0,产业资本
2026-07-28,920690,捷众科技,龙虎榜,上榜:当日收盘价涨幅达到20%的前5只股票;龙虎榜净买 0.0亿,2200557.34,游资
2026-07-28,920076,国亮新材,回购,回购进度:董事会预案;已回购 —,,产业资本
2026-07-28,688638,誉辰智能,回购,回购进度:董事会预案;已回购 —,,产业资本
2026-07-28,603381,永臻股份,回购,回购进度:董事会预案;已回购 —,,产业资本
2026-07-28,002230,科大讯飞,回购,回购进度:董事会预案;已回购 —,,产业资本
2026-07-28,920305,云创退,龙虎榜,上榜:北交所股票连续10个交易日内日收盘价涨跌幅偏离值累计达到+150%(-60%);龙虎榜净买 0.0亿,0.0,游资
2026-07-28,603194,中力股份,回购,回购进度:董事会预案;已回购 —,,产业资本
2026-07-28,601138,工业富联,回购,回购进度:董事会预案;已回购 —,,产业资本
2026-07-28,600366,宁波韵升,回购,回购进度:董事会预案;已回购 —,,产业资本
2026-07-28,600186,莲花控股,回购,回购进度:董事会预案;已回购 —,,产业资本
2026-07-28,300690,双一科技,回购,回购进度:董事会预案;已回购 —,,产业资本
2026-07-28,300482,万孚生物,回购,回购进度:董事会预案;已回购 —,,产业资本
2026-07-28,603112,华翔股份,回购,回购进度:董事会预案;已回购 —,,产业资本
2026-07-28,601799,星宇股份,回购,回购进度:董事会预案;已回购 —,,产业资本
2026-07-28,002722,物产金轮,回购,回购进度:董事会预案;已回购 —,,产业资本
2026-07-28,688766,普冉股份,回购,回购进度:董事会预案;已回购 —,,产业资本
2026-07-28,300245,ST天玑,回购,回购进度:完成实施;已回购 0.5亿,52725348.7,产业资本
2026-07-28,002173,创新医疗,龙虎榜,上榜:日涨幅偏离值达到7%的前5只证券;龙虎榜净买 1.4亿,141923353.09,游资
2026-07-28,688162,巨一科技,回购,回购进度:实施中;已回购 0.0亿,1864176.99,产业资本
2026-07-28,603390,通达电气,回购,回购进度:实施中;已回购 0.0亿,524950.0,产业资本
2026-07-28,002264,新华都,回购,回购进度:实施中;已回购 0.1亿,12109500.0,产业资本
2026-07-28,688116,天奈科技,回购,回购进度:实施中;已回购 0.1亿,10015638.09,产业资本
2026-07-28,603861,白云电器,回购,回购进度:董事会预案;已回购 —,,产业资本
2026-07-28,002384,东山精密,回购,回购进度:实施中;已回购 0.2亿,22941506.0,产业资本
2026-07-28,001233,海安集团,回购,回购进度:实施中;已回购 0.1亿,6114420.6,产业资本
2026-07-28,688370,丛麟科技,回购,回购进度:完成实施;已回购 0.5亿,49995529.57,产业资本
2026-07-28,002109,ST兴化,大宗交易,"成交价 2.54,折溢率 +0.00%,买方 开源证券股份有限公司西安高新分公司",1270000.0,产业资本
2026-07-28,688083,中望软件,回购,回购进度:实施中;已回购 0.2亿,19438210.8,产业资本
2026-07-28,000938,紫光股份,大宗交易,"成交价 40.24,折溢率 -0.03%,买方 西部证券股份有限公司西安东大街证券营业部",12072000.0,产业资本
2026-07-28,001330,博纳影业,大宗交易,"成交价 4.22,折溢率 -0.10%,买方 机构专用",8440000.0,产业资本
2026-07-28,001309,德明利,大宗交易,"成交价 361.44,折溢率 +0.00%,买方 国泰海通证券股份有限公司重庆中山三路证券营业部",54216000.0,产业资本
2026-07-28,001330,博纳影业,大宗交易,"成交价 4.22,折溢率 -0.10%,买方 华鑫证券有限责任公司深圳分公司",1688000.0,产业资本
2026-07-28,002531,天顺风能,大宗交易,"成交价 5.81,折溢率 -0.09%,买方 浙商证券股份有限公司金华分公司",5810000.0,产业资本
2026-07-28,603813,原尚股份,大宗交易,"成交价 28.29,折溢率 -0.03%,买方 西部证券股份有限公司西安东大街证券营业部",3326900.0,产业资本
2026-07-28,002050,三花智控,回购,回购进度:董事会预案;已回购 —,,产业资本
2026-07-28,601865,福莱特,大宗交易,"成交价 8.57,折溢率 -0.10%,买方 广发证券股份有限公司杭州学院路证券营业部",20996500.0,产业资本
2026-07-28,002634,*ST棒杰,大宗交易,"成交价 4.39,折溢率 +0.09%,买方 东方证券股份有限公司上海黄浦区中华路证券营业部",2195000.0,产业资本
2026-07-28,002923,润都股份,大宗交易,"成交价 9.66,折溢率 -0.09%,买方 中信证券股份有限公司苏州分公司",4830000.0,产业资本
2026-07-28,002923,润都股份,大宗交易,"成交价 9.66,折溢率 -0.09%,买方 广发证券股份有限公司南京水佑岗证券营业部",4830000.0,产业资本
2026-07-28,003004,声迅股份,大宗交易,"成交价 53.64,折溢率 -0.10%,买方 招商证券股份有限公司北京车公庄西路证券营业部",26820000.0,产业资本
2026-07-28,300027,ST华谊,大宗交易,"成交价 1.31,折溢率 -0.24%,买方 东海证券股份有限公司珠海吉大路证券营业部",655000.0,产业资本
2026-07-28,300502,新易盛,大宗交易,"成交价 406.9,折溢率 +0.00%,买方 机构专用",15462200.0,产业资本
2026-07-28,002634,*ST棒杰,大宗交易,"成交价 4.39,折溢率 +0.09%,买方 东方证券股份有限公司上海黄浦区中华路证券营业部",2195000.0,产业资本
2026-07-28,300502,新易盛,大宗交易,"成交价 406.9,折溢率 +0.00%,买方 机构专用",3662100.0,产业资本
2026-07-28,300619,金银河,大宗交易,"成交价 21.21,折溢率 -0.08%,买方 机构专用",50688100.0,产业资本
2026-07-28,300700,岱勒新材,大宗交易,"成交价 14.2,折溢率 -0.00%,买方 东方证券股份有限公司上海浦东新区张杨路证券营业部",55290500.0,产业资本
2026-07-28,300765,石药创新,大宗交易,"成交价 31.3,折溢率 -0.20%,买方 中信证券股份有限公司河北分公司",3443000.0,产业资本
2026-07-28,301066,万事利,大宗交易,"成交价 11.11,折溢率 -0.02%,买方 西南证券股份有限公司岳阳通海南路证券营业部",16320600.0,产业资本
2026-07-28,002531,天顺风能,大宗交易,"成交价 5.81,折溢率 -0.09%,买方 华泰证券股份有限公司南京分公司",2905000.0,产业资本
2026-07-28,002531,天顺风能,大宗交易,"成交价 5.81,折溢率 -0.09%,买方 中国银河证券股份有限公司杭州建国北路证券营业部",5810000.0,产业资本
2026-07-28,300576,容大感光,大宗交易,"成交价 28.25,折溢率 +0.07%,买方 金元证券股份有限公司深圳海德三道证券营业部",3000200.0,产业资本
2026-07-28,002634,*ST棒杰,大宗交易,"成交价 4.39,折溢率 +0.09%,买方 东方证券股份有限公司上海黄浦区中华路证券营业部",2195000.0,产业资本
2026-07-28,300498,温氏股份,大宗交易,"成交价 11.1,折溢率 -0.21%,买方 中国中金财富证券有限公司云浮新兴东堤北路证券营业部",3330000.0,产业资本
2026-07-28,600660,福耀玻璃,大宗交易,"成交价 56.0,折溢率 -0.01%,买方 东方证券股份有限公司泉州津淮街证券营业部",7280000.0,产业资本
2026-07-28,601997,贵阳银行,大宗交易,"成交价 5.32,折溢率 -0.05%,买方 国泰海通证券股份有限公司遵义北海路证券营业部",47135200.0,产业资本
2026-07-28,603130,云中马,大宗交易,"成交价 33.2,折溢率 -0.09%,买方 国金证券股份有限公司杭州利一路证券营业部",10076200.0,产业资本
2026-07-28,603288,海天味业,大宗交易,"成交价 37.01,折溢率 +0.00%,买方 广发证券股份有限公司佛山禅城石湾证券营业部",9402800.0,产业资本
2026-07-28,603566,普莱柯,大宗交易,"成交价 9.1,折溢率 -0.10%,买方 国泰海通证券股份有限公司洛阳长兴街证券营业部",6732200.0,产业资本
2026-07-28,688073,毕得医药,大宗交易,"成交价 49.0,折溢率 +0.05%,买方 东方证券股份有限公司浙江分公司",2450000.0,产业资本
2026-07-28,600406,国电南瑞,大宗交易,"成交价 23.56,折溢率 +0.00%,买方 招商证券股份有限公司北京景辉街证券营业部",324722500.0,产业资本
2026-07-28,601865,福莱特,大宗交易,"成交价 8.57,折溢率 -0.10%,买方 广发证券股份有限公司杭州学院路证券营业部",16068800.0,产业资本
2026-07-28,688180,君实生物,大宗交易,"成交价 35.49,折溢率 -0.01%,买方 机构专用",19980900.0,产业资本
2026-07-28,688611,杭州柯林,大宗交易,"成交价 53.9,折溢率 +0.00%,买方 财达证券股份有限公司深圳分公司",6468000.0,产业资本
2026-07-28,688717,艾罗能源,大宗交易,"成交价 46.46,折溢率 -0.17%,买方 浙商证券股份有限公司桐庐迎春南路证券营业部",3001300.0,产业资本
2026-07-28,920238,长鹰硬科,龙虎榜,上榜:当日价格振幅达到30%的前5只股票;龙虎榜净买 -0.1亿,-7247975.6,游资
2026-07-28,603811,诚意药业,大宗交易,"成交价 6.75,折溢率 -0.04%,买方 中信证券股份有限公司温州分公司",2362500.0,产业资本
2026-07-28,600605,汇通能源,大宗交易,"成交价 24.2,折溢率 -0.02%,买方 中泰证券股份有限公司淄博淄城东路证券营业部",8228000.0,产业资本
2026-07-28,600590,泰豪科技,大宗交易,"成交价 7.27,折溢率 -0.07%,买方 中国中金财富证券有限公司深圳中金大厦证券营业部",2035600.0,产业资本
2026-07-28,688229,博睿数据,大宗交易,"成交价 49.68,折溢率 -0.17%,买方 中银国际证券股份有限公司上海虹口区东长治路证券营业部",17388000.0,产业资本
2026-07-28,601985,中国核电,大宗交易,"成交价 8.85,折溢率 +0.00%,买方 招商证券股份有限公司北京景辉街证券营业部",354000000.0,产业资本
2026-07-29,002800,天顺股份,大宗交易,"成交价 11.1,折溢率 -0.09%,买方 机构专用",2220000.0,产业资本
2026-07-29,002698,博实股份,大宗交易,"成交价 12.31,折溢率 -0.08%,买方 广发证券股份有限公司金华光南路证券营业部",5539500.0,产业资本
2026-07-29,301275,汉朔科技,大宗交易,"成交价 41.26,折溢率 -0.03%,买方 西部证券股份有限公司西安东大街证券营业部",8252000.0,产业资本
2026-07-29,002698,博实股份,大宗交易,"成交价 12.31,折溢率 -0.08%,买方 华泰证券股份有限公司上海武定路证券营业部",4924000.0,产业资本
2026-07-29,002973,侨银股份,大宗交易,"成交价 8.14,折溢率 -0.10%,买方 机构专用",5698000.0,产业资本
2026-07-29,002698,博实股份,大宗交易,"成交价 12.31,折溢率 -0.08%,买方 招商证券股份有限公司济南经十路证券营业部",5539500.0,产业资本
2026-07-29,002698,博实股份,大宗交易,"成交价 12.31,折溢率 -0.08%,买方 浙商证券股份有限公司金华分公司",6770500.0,产业资本
2026-07-29,003004,声迅股份,大宗交易,"成交价 53.87,折溢率 -0.08%,买方 招商证券股份有限公司北京车公庄西路证券营业部",21548000.0,产业资本
2026-07-29,300576,容大感光,大宗交易,"成交价 25.71,折溢率 +0.00%,买方 机构专用",3985100.0,产业资本
2026-07-29,300308,中际旭创,大宗交易,"成交价 951.0,折溢率 +0.00%,买方 机构专用",3804000.0,产业资本
2026-07-29,300308,中际旭创,大宗交易,"成交价 951.0,折溢率 +0.00%,买方 机构专用",18069000.0,产业资本
2026-07-29,300502,新易盛,大宗交易,"成交价 421.2,折溢率 +0.00%,买方 机构专用",18111600.0,产业资本
2026-07-29,300502,新易盛,大宗交易,"成交价 421.2,折溢率 +0.00%,买方 机构专用",3959300.0,产业资本
2026-07-29,300558,贝达药业,大宗交易,"成交价 46.5,折溢率 -0.20%,买方 中信建投证券股份有限公司北京朝阳分公司",36456000.0,产业资本
2026-07-29,300750,宁德时代,大宗交易,"成交价 396.84,折溢率 +0.00%,买方 机构专用",18334000.0,产业资本
2026-07-29,002698,博实股份,大宗交易,"成交价 12.31,折溢率 -0.08%,买方 浙商证券股份有限公司义乌江滨北路证券营业部",6770500.0,产业资本
2026-07-29,300027,ST华谊,大宗交易,"成交价 1.42,折溢率 -0.17%,买方 中国中金财富证券有限公司南通如东青园北路证券营业部",710000.0,产业资本
2026-07-29,002698,博实股份,大宗交易,"成交价 12.31,折溢率 -0.08%,买方 中信证券股份有限公司上海万源路证券营业部",7386000.0,产业资本
2026-07-29,000564,供销大集,回购,回购进度:实施中;已回购 0.1亿,9999904.0,产业资本
2026-07-29,002634,*ST棒杰,大宗交易,"成交价 4.43,折溢率 +0.10%,买方 东方证券股份有限公司上海黄浦区中华路证券营业部",2215000.0,产业资本
2026-07-29,301566,达利凯普,大宗交易,"成交价 22.13,折溢率 -0.01%,买方 机构专用",22130000.0,产业资本
2026-07-29,600718,东软集团,回购,回购进度:完成实施;已回购 2.0亿,199981954.7,产业资本
2026-07-29,920080,奥美森,回购,回购进度:实施中;已回购 0.0亿,319259.54,产业资本
2026-07-29,300573,兴齐眼药,回购,回购进度:实施中;已回购 0.2亿,18299693.55,产业资本
2026-07-29,000012,南玻A,大宗交易,"成交价 3.82,折溢率 -0.02%,买方 国泰海通证券股份有限公司深圳高新园证券营业部",145160000.0,产业资本
2026-07-29,000655,金岭矿业,大宗交易,"成交价 6.21,折溢率 -0.07%,买方 国信证券股份有限公司山东分公司",18826900.0,产业资本
2026-07-29,000790,华神科技,大宗交易,"成交价 3.35,折溢率 -0.11%,买方 中信证券股份有限公司福建分公司",1980900.0,产业资本
2026-07-29,001309,德明利,大宗交易,"成交价 354.0,折溢率 -0.00%,买方 广发证券股份有限公司深圳福华一路证券营业部",18691200.0,产业资本
2026-07-29,002653,海思科,大宗交易,"成交价 63.92,折溢率 +0.00%,买方 机构专用",2237200.0,产业资本
2026-07-29,001388,信通电子,大宗交易,"成交价 19.04,折溢率 -0.08%,买方 浙商证券股份有限公司江苏分公司",2094400.0,产业资本
2026-07-29,002044,美年健康,大宗交易,"成交价 4.23,折溢率 -0.07%,买方 机构专用",2115000.0,产业资本
2026-07-29,002044,美年健康,大宗交易,"成交价 4.23,折溢率 -0.07%,买方 机构专用",6133500.0,产业资本
2026-07-29,002044,美年健康,大宗交易,"成交价 4.23,折溢率 -0.07%,买方 机构专用",2115000.0,产业资本
2026-07-29,002109,ST兴化,大宗交易,"成交价 2.56,折溢率 +0.00%,买方 开源证券股份有限公司西安高新分公司",1280000.0,产业资本
2026-07-29,002384,东山精密,大宗交易,"成交价 179.78,折溢率 +0.00%,买方 中信证券股份有限公司上海分公司",3595600.0,产业资本
2026-07-29,002437,誉衡药业,大宗交易,"成交价 2.86,折溢率 -0.01%,买方 中信证券股份有限公司上海万源路证券营业部",22594000.0,产业资本
2026-07-29,002634,*ST棒杰,大宗交易,"成交价 4.43,折溢率 +0.10%,买方 东方证券股份有限公司上海黄浦区中华路证券营业部",2215000.0,产业资本
2026-07-29,002634,*ST棒杰,大宗交易,"成交价 4.43,折溢率 +0.10%,买方 东方证券股份有限公司上海黄浦区中华路证券营业部",2215000.0,产业资本
2026-07-29,002044,美年健康,大宗交易,"成交价 4.23,折溢率 -0.07%,买方 机构专用",2115000.0,产业资本
2026-07-29,301609,山大电力,大宗交易,"成交价 37.39,折溢率 -0.02%,买方 机构专用",37390000.0,产业资本
2026-07-29,605499,东鹏饮料,大宗交易,"成交价 141.89,折溢率 -0.00%,买方 瑞银证券有限责任公司上海花园石桥路证券营业部",113682300.0,产业资本
2026-07-29,600036,招商银行,大宗交易,"成交价 39.66,折溢率 +0.00%,买方 兴业证券股份有限公司上海世博馆路证券营业部",18430000.0,产业资本
2026-07-29,603225,新凤鸣,大宗交易,"成交价 18.44,折溢率 -0.06%,买方 招商证券股份有限公司西安北大街证券营业部",9220000.0,产业资本
2026-07-29,603225,新凤鸣,大宗交易,"成交价 18.44,折溢率 -0.06%,买方 广发证券股份有限公司总部",2212800.0,产业资本
2026-07-29,603225,新凤鸣,大宗交易,"成交价 18.44,折溢率 -0.06%,买方 机构专用",8851200.0,产业资本
2026-07-29,603225,新凤鸣,大宗交易,"成交价 18.44,折溢率 -0.06%,买方 瑞银证券有限责任公司上海花园石桥路证券营业部",7376000.0,产业资本
2026-07-29,603225,新凤鸣,大宗交易,"成交价 18.44,折溢率 -0.06%,买方 浙商证券股份有限公司上海长乐路证券营业部",9220000.0,产业资本
2026-07-29,603259,药明康德,大宗交易,"成交价 126.5,折溢率 +0.00%,买方 华泰证券股份有限公司上海浦东新区滨江大道证券营业部",31884100.0,产业资本
2026-07-29,603259,药明康德,大宗交易,"成交价 126.5,折溢率 +0.00%,买方 兴业证券股份有限公司上海世博馆路证券营业部",18342500.0,产业资本
2026-07-29,603259,药明康德,大宗交易,"成交价 126.5,折溢率 +0.00%,买方 兴业证券股份有限公司上海世博馆路证券营业部",8437600.0,产业资本
2026-07-29,603132,金徽股份,大宗交易,"成交价 16.62,折溢率 +0.08%,买方 中银国际证券股份有限公司上海虹口区东长治路证券营业部",7229700.0,产业资本
2026-07-29,603288,海天味业,大宗交易,"成交价 33.31,折溢率 -0.12%,买方 广发证券股份有限公司佛山禅城石湾证券营业部",6795200.0,产业资本
2026-07-29,603986,兆易创新,大宗交易,"成交价 351.58,折溢率 -0.03%,买方 华泰证券股份有限公司上海分公司",196480800.0,产业资本
2026-07-29,301290,东星医疗,回购,回购进度:完成实施;已回购 0.2亿,20003507.0,产业资本
2026-07-29,605499,东鹏饮料,大宗交易,"成交价 141.89,折溢率 -0.00%,买方 瑞银证券有限责任公司上海花园石桥路证券营业部",56302000.0,产业资本
2026-07-29,688168,安博通,大宗交易,"成交价 33.79,折溢率 -0.01%,买方 东亚前海证券有限责任公司上海分公司",2365300.0,产业资本
2026-07-29,688256,寒武纪,大宗交易,"成交价 1146.9,折溢率 +0.00%,买方 兴业证券股份有限公司上海世博馆路证券营业部",9289900.0,产业资本
2026-07-29,688256,寒武纪,大宗交易,"成交价 1146.9,折溢率 +0.00%,买方 兴业证券股份有限公司上海世博馆路证券营业部",8716400.0,产业资本
2026-07-29,688681,科汇股份,大宗交易,"成交价 14.26,折溢率 -0.07%,买方 华泰证券股份有限公司上海分公司",14925900.0,产业资本
2026-07-29,688681,科汇股份,大宗交易,"成交价 14.26,折溢率 -0.07%,买方 中信证券股份有限公司上海长宁区红宝石路证券营业部",14925900.0,产业资本
2026-07-29,603811,诚意药业,大宗交易,"成交价 6.33,折溢率 -0.11%,买方 中信证券股份有限公司温州分公司",2215500.0,产业资本
2026-07-29,600016,民生银行,大宗交易,"成交价 3.56,折溢率 +0.00%,买方 兴业证券股份有限公司上海世博馆路证券营业部",8472800.0,产业资本
2026-07-29,603061,金海通,大宗交易,"成交价 249.63,折溢率 -0.08%,买方 国泰海通证券股份有限公司深圳红荔西路证券营业部",59810800.0,产业资本
2026-07-29,601899,紫金矿业,大宗交易,"成交价 32.15,折溢率 +0.00%,买方 兴业证券股份有限公司上海世博馆路证券营业部",18614900.0,产业资本
2026-07-29,600177,雅戈尔,大宗交易,"成交价 7.81,折溢率 -0.01%,买方 浙商证券股份有限公司上海长乐路证券营业部",7810000.0,产业资本
2026-07-29,600328,中盐化工,大宗交易,"成交价 6.08,折溢率 -0.05%,买方 光大证券股份有限公司上海人民北路证券营业部",8838700.0,产业资本
2026-07-29,600368,五洲交通,大宗交易,"成交价 3.85,折溢率 +0.00%,买方 方正证券股份有限公司江西分公司",13550800.0,产业资本
2026-07-29,600590,泰豪科技,大宗交易,"成交价 7.27,折溢率 -0.10%,买方 广发证券股份有限公司佛山灯湖东路证券营业部",4434700.0,产业资本
2026-07-29,600590,泰豪科技,大宗交易,"成交价 7.27,折溢率 -0.10%,买方 华鑫证券有限责任公司深圳分公司",2035600.0,产业资本
2026-07-29,600590,泰豪科技,大宗交易,"成交价 7.27,折溢率 -0.10%,买方 华泰证券股份有限公司上海虹口区飞虹路证券营业部",3635000.0,产业资本
2026-07-29,600590,泰豪科技,大宗交易,"成交价 7.27,折溢率 -0.10%,买方 中信建投证券股份有限公司北京朝阳分公司",5816000.0,产业资本
2026-07-29,600590,泰豪科技,大宗交易,"成交价 7.27,折溢率 -0.10%,买方 中信证券股份有限公司徐州建国西路证券营业部",2908000.0,产业资本
2026-07-29,601899,紫金矿业,大宗交易,"成交价 32.15,折溢率 +0.00%,买方 兴业证券股份有限公司上海世博馆路证券营业部",8551900.0,产业资本
2026-07-29,600590,泰豪科技,大宗交易,"成交价 7.27,折溢率 -0.10%,买方 中信建投证券股份有限公司杭州庆春路证券营业部",3527600.0,产业资本
2026-07-29,600590,泰豪科技,大宗交易,"成交价 7.27,折溢率 -0.10%,买方 招商证券股份有限公司南京庐山路证券营业部",3635000.0,产业资本
2026-07-29,600590,泰豪科技,大宗交易,"成交价 7.27,折溢率 -0.10%,买方 中国银河证券股份有限公司杭州建国北路证券营业部",3635000.0,产业资本
2026-07-29,600590,泰豪科技,大宗交易,"成交价 7.27,折溢率 -0.10%,买方 广发证券股份有限公司沧州解放路证券营业部",5816000.0,产业资本
2026-07-29,600590,泰豪科技,大宗交易,"成交价 7.27,折溢率 -0.10%,买方 中信证券股份有限公司苏州分公司",3998500.0,产业资本
2026-07-29,600590,泰豪科技,大宗交易,"成交价 7.27,折溢率 -0.10%,买方 机构专用",3998500.0,产业资本
2026-07-29,600590,泰豪科技,大宗交易,"成交价 7.27,折溢率 -0.10%,买方 浙商证券股份有限公司青田涌潮街证券营业部",3998500.0,产业资本
2026-07-29,600590,泰豪科技,大宗交易,"成交价 7.27,折溢率 -0.10%,买方 甬兴证券有限公司宁波分公司",2181000.0,产业资本
2026-07-29,600690,海尔智家,大宗交易,"成交价 23.0,折溢率 +0.00%,买方 东方证券股份有限公司泉州津淮街证券营业部",7820000.0,产业资本
2026-07-29,600590,泰豪科技,大宗交易,"成交价 7.27,折溢率 -0.10%,买方 华泰证券股份有限公司南京庐山路证券营业部",4434700.0,产业资本
2026-07-29,605588,冠石科技,回购,回购进度:实施中;已回购 0.0亿,1515200.0,产业资本
2026-07-29,603429,*ST集友,龙虎榜,上榜:有价格涨跌幅限制的日价格振幅达到15%的前五只证券;龙虎榜净买 -0.0亿,-3619170.0,游资
2026-07-29,300639,凯普生物,回购,回购进度:实施中;已回购 0.1亿,9968482.96,产业资本
2026-07-29,200512,闽灿坤B,龙虎榜,上榜:日涨幅偏离值达到7%的前5只证券;龙虎榜净买 0.0亿,788914.4,游资
2026-07-29,300067,安诺其,龙虎榜,上榜:连续三个交易日内，涨幅偏离值累计达到30%的证券;龙虎榜净买 0.1亿,8740200.16,游资
2026-07-29,300169,天晟新材,龙虎榜,上榜:日涨幅达到15%的前5只证券;龙虎榜净买 0.0亿,2309816.44000001,游资
2026-07-29,300333,兆日科技,龙虎榜,上榜:连续三个交易日内，涨幅偏离值累计达到30%的证券;龙虎榜净买 0.7亿,74825777.88,游资
2026-07-29,300359,全通教育,龙虎榜,上榜:日涨幅达到15%的前5只证券;龙虎榜净买 0.7亿,66388476.0,游资
2026-07-29,300530,领湃科技,龙虎榜,上榜:日涨幅达到15%的前5只证券;龙虎榜净买 0.3亿,30684290.83,游资
2026-07-29,300753,爱朋医疗,龙虎榜,上榜:日换手率达到30%的前5只证券;龙虎榜净买 0.0亿,2633058.18000001,游资
2026-07-29,300997,欢乐家,龙虎榜,上榜:日涨幅达到15%的前5只证券;龙虎榜净买 0.3亿,29531034.33,游资
2026-07-29,301127,武汉天源,龙虎榜,上榜:连续三个交易日内，跌幅偏离值累计达到30%的证券;龙虎榜净买 -1.5亿,-151743662.2,游资
2026-07-29,301139,*ST元道,龙虎榜,上榜:日换手率达到30%的前5只证券;龙虎榜净买 -0.0亿,-2511123.03,游资
2026-07-29,301421,波长光电,龙虎榜,上榜:日换手率达到30%的前5只证券;龙虎榜净买 -2.3亿,-231586411.63,游资
2026-07-29,301520,万邦医药,龙虎榜,上榜:日换手率达到30%的前5只证券;龙虎榜净买 -0.2亿,-17353052.16,游资
2026-07-29,301583,托伦斯,龙虎榜,上榜:日换手率达到30%的前5只证券;龙虎榜净买 -0.6亿,-62616792.25,游资
2026-07-29,600227,赤天化,龙虎榜,上榜:有价格涨跌幅限制的日收盘价格涨幅偏离值达到7%的前五只证券;龙虎榜净买 0.5亿,54596786.55,游资
2026-07-29,600228,返利科技,龙虎榜,上榜:有价格涨跌幅限制的日收盘价格涨幅偏离值达到7%的前五只证券;龙虎榜净买 0.1亿,6771738.92,游资
2026-07-29,600396,华电辽能,龙虎榜,上榜:有价格涨跌幅限制的日换手率达到20%的前五只证券;龙虎榜净买 -0.2亿,-19173261.0,游资
2026-07-29,600429,三元股份,龙虎榜,上榜:有价格涨跌幅限制的日收盘价格涨幅偏离值达到7%的前五只证券;龙虎榜净买 0.2亿,17864783.4,游资
2026-07-29,002969,嘉美包装,龙虎榜,上榜:日振幅值达到15%的前5只证券;龙虎榜净买 -3.1亿,-314850818.76,游资
2026-07-29,002879,长缆科技,龙虎榜,上榜:日换手率达到20%的前5只证券;龙虎榜净买 0.1亿,11406703.82,游资
2026-07-29,002667,*ST威领,龙虎榜,上榜:连续三个交易日内，涨幅偏离值累计达到20%的证券;龙虎榜净买 0.1亿,9667074.89999999,游资
2026-07-29,002612,朗姿股份,龙虎榜,上榜:连续三个交易日内，涨幅偏离值累计达到20%的证券;龙虎榜净买 0.9亿,89092593.99,游资
2026-07-29,688717,艾罗能源,大宗交易,"成交价 44.84,折溢率 -0.21%,买方 浙商证券股份有限公司桐庐迎春南路证券营业部",4484000.0,产业资本
2026-07-29,000533,顺钠股份,龙虎榜,上榜:日换手率达到20%的前5只证券;龙虎榜净买 -0.4亿,-40277925.13,游资
2026-07-29,000636,风华高科,龙虎榜,上榜:日涨幅偏离值达到7%的前5只证券;龙虎榜净买 -0.5亿,-51671393.6099999,游资
2026-07-29,000938,紫光股份,龙虎榜,上榜:日跌幅偏离值达到7%的前5只证券;龙虎榜净买 -4.5亿,-445702871.44,游资
2026-07-29,001258,立新能源,龙虎榜,上榜:日跌幅偏离值达到7%的前5只证券;龙虎榜净买 -0.2亿,-23009550.35,游资
2026-07-29,002141,贤丰控股,龙虎榜,上榜:连续三个交易日内，涨幅偏离值累计达到20%的证券;龙虎榜净买 1.5亿,149245534.16,游资
2026-07-29,002156,通富微电,龙虎榜,上榜:日跌幅偏离值达到7%的前5只证券;龙虎榜净买 -10.3亿,-1029374049.25,游资
2026-07-29,002173,创新医疗,龙虎榜,上榜:日换手率达到20%的前5只证券;龙虎榜净买 -0.8亿,-75001106.39,游资
2026-07-29,600539,狮头股份,龙虎榜,上榜:有价格涨跌幅限制的日收盘价格跌幅偏离值达到7%的前五只证券;龙虎榜净买 -0.1亿,-10946414.01,游资
2026-07-29,002199,东晶电子,龙虎榜,上榜:连续三个交易日内，涨幅偏离值累计达到20%的证券;龙虎榜净买 0.1亿,13637698.05,游资
2026-07-29,002222,福晶科技,龙虎榜,上榜:日跌幅偏离值达到7%的前5只证券;龙虎榜净买 -1.8亿,-179931644.16,游资
2026-07-29,002388,新亚制程,龙虎榜,上榜:日换手率达到20%的前5只证券;龙虎榜净买 0.4亿,36733166.0,游资
2026-07-29,002396,星网锐捷,龙虎榜,上榜:连续三个交易日内，跌幅偏离值累计达到20%的证券;龙虎榜净买 6.3亿,630783213.07,游资
2026-07-29,002498,汉缆股份,龙虎榜,上榜:日涨幅偏离值达到7%的前5只证券;龙虎榜净买 1.3亿,128933605.47,游资
2026-07-29,002514,*ST宝馨,龙虎榜,上榜:连续三个交易日内，涨幅偏离值累计达到20%的证券;龙虎榜净买 0.0亿,123173.689999998,游资
2026-07-29,002517,恺英网络,龙虎榜,上榜:日涨幅偏离值达到7%的前5只证券;龙虎榜净买 1.7亿,169311659.82,游资
2026-07-29,002558,巨人网络,龙虎榜,上榜:日涨幅偏离值达到7%的前5只证券;龙虎榜净买 3.4亿,338747010.56,游资
2026-07-29,002580,圣阳股份,龙虎榜,上榜:日涨幅偏离值达到7%的前5只证券;龙虎榜净买 0.1亿,14891974.46,游资
2026-07-29,002212,天融信,龙虎榜,上榜:连续三个交易日内，涨幅偏离值累计达到20%的证券;龙虎榜净买 1.3亿,127657126.18,游资
2026-07-29,600693,东百集团,龙虎榜,上榜:非S证券连续三个交易日内收盘价格涨幅偏离值累计达到20%的证券;龙虎榜净买 -1.1亿,-114816827.32,游资
2026-07-29,600733,北汽蓝谷,龙虎榜,上榜:非S证券连续三个交易日内收盘价格涨幅偏离值累计达到20%的证券;龙虎榜净买 1.0亿,100769810.09,游资
2026-07-29,601003,柳钢股份,龙虎榜,上榜:有价格涨跌幅限制的日收盘价格涨幅偏离值达到7%的前五只证券;龙虎榜净买 0.3亿,30082588.0,游资
2026-07-29,920222,益坤电气,龙虎榜,上榜:当日换手率达到20%的前5只股票;龙虎榜净买 -0.0亿,-2692193.18,游资
2026-07-29,920238,长鹰硬科,龙虎榜,上榜:当日换手率达到20%的前5只股票;龙虎榜净买 -0.1亿,-8744230.69,游资
2026-07-29,920305,云创退,龙虎榜,上榜:北交所股票连续3个交易日内日收盘价涨跌幅偏离值累计达到+40%(-40%);龙虎榜净买 -0.0亿,-2711981.84,游资
2026-07-29,920768,拾比佰,回购,回购进度:董事会预案;已回购 —,,产业资本
2026-07-29,920159,农大科技,回购,回购进度:董事会预案;已回购 —,,产业资本
2026-07-29,688623,双元科技,回购,回购进度:董事会预案;已回购 —,,产业资本
2026-07-29,688153,唯捷创芯,回购,回购进度:董事会预案;已回购 —,,产业资本
2026-07-29,600279,重庆港,回购,回购进度:董事会预案;已回购 —,,产业资本
2026-07-29,920176,维琪科技,龙虎榜,上榜:北交所股票连续3个交易日内日收盘价涨跌幅偏离值累计达到+40%(-40%);龙虎榜净买 -0.0亿,-4106561.24,游资
2026-07-29,300592,华凯易佰,回购,回购进度:nan;已回购 —,,产业资本
2026-07-29,300272,开能健康,回购,回购进度:nan;已回购 —,,产业资本
2026-07-29,002850,科达利,回购,回购进度:董事会预案;已回购 —,,产业资本
2026-07-29,000688,国城矿业,回购,回购进度:董事会预案;已回购 —,,产业资本
2026-07-29,600580,卧龙电驱,回购,回购进度:实施中;已回购 0.1亿,8144167.0,产业资本
2026-07-29,600382,广东明珠,回购,回购进度:实施中;已回购 0.0亿,3697673.0,产业资本
2026-07-29,300482,万孚生物,回购,回购进度:实施中;已回购 0.0亿,1088995.0,产业资本
2026-07-29,002931,锋龙股份,回购,回购进度:实施中;已回购 0.0亿,4996491.0,产业资本
2026-07-29,600909,华安证券,回购,回购进度:实施中;已回购 0.5亿,48487758.0,产业资本
2026-07-29,300308,中际旭创,回购,回购进度:nan;已回购 —,,产业资本
2026-07-29,688350,富淼科技,回购,回购进度:实施中;已回购 0.1亿,8397472.01,产业资本
2026-07-29,920117,龙鑫智能,龙虎榜,上榜:当日换手率达到20%的前5只股票;龙虎榜净买 -0.0亿,-3457054.81,游资
2026-07-29,688796,百奥赛图,龙虎榜,上榜:有价格涨跌幅限制的日收盘价格跌幅达到15%的前五只证券;龙虎榜净买 -0.6亿,-64205359.65,游资
2026-07-29,603065,宿迁联盛,龙虎榜,上榜:有价格涨跌幅限制的日收盘价格跌幅偏离值达到7%的前五只证券;龙虎榜净买 -0.0亿,-10225.8999999985,游资
2026-07-29,603118,共进股份,龙虎榜,上榜:有价格涨跌幅限制的日换手率达到20%的前五只证券;龙虎榜净买 0.7亿,65984467.95,游资
2026-07-29,603221,爱丽家居,龙虎榜,上榜:非S证券连续三个交易日内收盘价格涨幅偏离值累计达到20%的证券;龙虎榜净买 0.2亿,19071076.26,游资
2026-07-29,603256,宏和科技,龙虎榜,上榜:有价格涨跌幅限制的日价格振幅达到15%的前五只证券;龙虎榜净买 -4.5亿,-450943051.11,游资
2026-07-29,603389,亚振家居,龙虎榜,上榜:有价格涨跌幅限制的日价格振幅达到15%的前五只证券;龙虎榜净买 -0.3亿,-30427408.0,游资
2026-07-29,603399,永杉锂业,龙虎榜,上榜:有价格涨跌幅限制的日价格振幅达到15%的前五只证券;龙虎榜净买 1.4亿,143043596.75,游资
2026-07-29,603400,华之杰,龙虎榜,上榜:有价格涨跌幅限制的日换手率达到20%的前五只证券;龙虎榜净买 -0.0亿,-4924401.23,游资
2026-07-29,603459,红板科技,龙虎榜,上榜:有价格涨跌幅限制的日换手率达到20%的前五只证券;龙虎榜净买 -1.4亿,-143681605.24,游资
2026-07-29,688806,泰诺麦博,龙虎榜,上榜:有价格涨跌幅限制的日换手率达到30%的前五只证券;龙虎榜净买 0.1亿,9021175.82,游资
2026-07-29,603580,艾艾精工,龙虎榜,上榜:非S证券连续三个交易日内收盘价格涨幅偏离值累计达到20%的证券;龙虎榜净买 0.1亿,11576327.96,游资
2026-07-29,603823,百合花,龙虎榜,上榜:非S证券连续三个交易日内收盘价格跌幅偏离值累计达到20%的证券;龙虎榜净买 -1.0亿,-99504098.33,游资
2026-07-29,603950,长源东谷,龙虎榜,上榜:有价格涨跌幅限制的日收盘价格跌幅偏离值达到7%的前五只证券;龙虎榜净买 -0.5亿,-45088161.0,游资
2026-07-29,603983,丸美生物,龙虎榜,上榜:有价格涨跌幅限制的日收盘价格跌幅偏离值达到7%的前五只证券;龙虎榜净买 0.1亿,7344478.0,游资
2026-07-29,603986,兆易创新,龙虎榜,上榜:非S证券连续三个交易日内收盘价格跌幅偏离值累计达到20%的证券;龙虎榜净买 -0.5亿,-51674291.3400002,游资
2026-07-29,605179,一鸣食品,龙虎榜,上榜:非S证券连续三个交易日内收盘价格涨幅偏离值累计达到20%的证券;龙虎榜净买 0.4亿,38315836.0,游资
2026-07-29,605388,均瑶健康,龙虎榜,上榜:有价格涨跌幅限制的日收盘价格涨幅偏离值达到7%的前五只证券;龙虎榜净买 0.2亿,17980662.8,游资
2026-07-29,688260,昀冢科技,龙虎榜,上榜:有价格涨跌幅限制的日收盘价格涨幅达到15%的前五只证券;龙虎榜净买 1.7亿,169162873.0,游资
2026-07-29,688496,*ST清越,龙虎榜,上榜:有价格涨跌幅限制的日价格振幅达到30%的前五只证券;龙虎榜净买 -0.0亿,-584429.56,游资
2026-07-29,603690,至纯科技,龙虎榜,上榜:有价格涨跌幅限制的日换手率达到20%的前五只证券;龙虎榜净买 -0.0亿,-3529598.81999999,游资
2026-07-29,688775,影石创新,大宗交易,"成交价 131.98,折溢率 -0.01%,买方 机构专用",19797000.0,产业资本
