date,key,strength,confidence,summary
2026-07-15,national_team,0.0,低,
2026-07-15,insurance_social,0.0,低,
2026-07-15,mutual_fund,,低,
2026-07-15,quant,0.0,低,
2026-07-15,hot_money,1.0,高,
2026-07-15,industrial,0.0,高,
2026-07-15,retail,-1.0,高,
2026-07-16,national_team,0.0,低,
2026-07-16,hot_money,0.0,高,
2026-07-16,insurance_social,0.0,低,
2026-07-16,industrial,0.0,高,
2026-07-16,quant,0.0,低,
2026-07-16,retail,-1.0,高,
2026-07-16,mutual_fund,0.0,中,
2026-07-17,insurance_social,0.0,低,"无涉险资/社保公告;险资无每日数据,默认视为中性。"
2026-07-17,hot_money,0.0,高,"知名游资席位 4 个上榜,合计净买入 -0.1亿。"
2026-07-17,quant,0.0,低,"小微盘成交占比 15.5%,均值基线待历史累积。"
2026-07-17,mutual_fund,1.0,中,全市场ETF份额环比 +0.62%(申赎代理);近7天新发权益基金 0亿份。
2026-07-17,industrial,1.0,高,回购公告 12 家;大宗溢价成交占比 32%。
2026-07-17,national_team,0.0,低,"ETF成交已记录,放量基线累积中(约需一个月),暂不判断方向。"
2026-07-17,retail,-1.0,高,沪市融资余额环比 -380亿。
2026-07-20,mutual_fund,1.0,中,全市场ETF份额环比 +0.32%(申赎代理);近7天新发权益基金 0亿份。
2026-07-20,retail,-1.0,高,沪市融资余额环比 -380亿。
2026-07-20,quant,0.0,低,"小微盘成交占比 15.5%,均值基线待历史累积。"
2026-07-20,industrial,1.0,高,回购公告 22 家;大宗溢价成交占比 21%。
2026-07-20,national_team,0.0,低,"ETF成交已记录,放量基线累积中(约需一个月),暂不判断方向。"
2026-07-20,insurance_social,0.0,低,"无涉险资/社保公告;险资无每日数据,默认视为中性。"
2026-07-20,hot_money,1.0,高,"知名游资席位 4 个上榜,合计净买入 +0.6亿。"
2026-07-21,mutual_fund,2.0,中,全市场ETF份额环比 +3.03%(申赎代理);近7天新发权益基金 4亿份。
2026-07-21,industrial,1.0,高,回购公告 49 家;大宗溢价成交占比 19%。
2026-07-21,quant,0.0,低,"小微盘成交占比 15.1%,均值基线待历史累积。"
2026-07-21,national_team,0.0,低,"ETF成交已记录,放量基线累积中(约需一个月),暂不判断方向。"
2026-07-21,hot_money,2.0,高,"知名游资席位 4 个上榜,合计净买入 +3.5亿。"
2026-07-21,retail,-1.0,高,沪市融资余额环比 -301亿。
2026-07-21,insurance_social,0.0,低,"无涉险资/社保公告;险资无每日数据,默认视为中性。"
2026-07-22,mutual_fund,0,中,全市场ETF份额环比 -0.15%(申赎代理);近7天新发权益基金 4亿份。
2026-07-22,retail,0,高,沪市融资余额环比 +9亿。
2026-07-22,national_team,0,中,"宽基ETF成交平稳,未见国家队明显动作。"
2026-07-22,hot_money,1,高,"知名游资席位 5 个上榜,合计净买入 +2.0亿。"
2026-07-22,quant,0,中,"小微盘成交占比较20日均值偏离 -1.6pp,代理量化策略活跃度变化。"
2026-07-22,insurance_social,0,低,"无涉险资/社保公告;险资无每日数据,默认视为中性。"
2026-07-22,industrial,1,高,回购公告 27 家;大宗溢价成交占比 11%。
2026-07-23,industrial,0,高,回购公告 33 家;大宗溢价成交占比 1%。
2026-07-23,mutual_fund,-1,中,全市场ETF份额环比 -0.37%(申赎代理);近7天新发权益基金 0亿份。
2026-07-23,quant,0,中,"小微盘成交占比较20日均值偏离 +0.2pp,代理量化策略活跃度变化。"
2026-07-23,insurance_social,0,低,"无涉险资/社保公告;险资无每日数据,默认视为中性。"
2026-07-23,retail,0,高,沪市融资余额环比 -4亿。
2026-07-23,national_team,0,中,"宽基ETF成交平稳,未见国家队明显动作。"
2026-07-23,hot_money,1,高,"知名游资席位 4 个上榜,合计净买入 +0.7亿。"
2026-07-24,insurance_social,0,低,"无涉险资/社保公告;险资无每日数据,默认视为中性。"
2026-07-24,national_team,0,中,"宽基ETF成交平稳,未见国家队明显动作。"
2026-07-24,retail,-1,高,沪市融资余额环比 -46亿。
2026-07-24,quant,0,中,"小微盘成交占比较20日均值偏离 +0.5pp,代理量化策略活跃度变化。"
2026-07-24,mutual_fund,1,中,全市场ETF份额环比 +0.36%(申赎代理);近7天新发权益基金 8亿份。
2026-07-24,industrial,0,高,回购公告 27 家;大宗溢价成交占比 1%。
2026-07-24,hot_money,0,高,"知名游资席位 2 个上榜,合计净买入 +0.1亿。"
2026-07-27,industrial,-1,高,回购公告 11 家;大宗溢价成交占比 1%。
2026-07-27,quant,0,中,"小微盘成交占比较20日均值偏离 -0.1pp,代理量化策略活跃度变化。"
2026-07-27,hot_money,0,高,"知名游资席位 4 个上榜,合计净买入 -0.4亿。"
2026-07-27,mutual_fund,0,中,全市场ETF份额环比 +0.06%(申赎代理);近7天新发权益基金 7亿份。
2026-07-27,insurance_social,0,低,"无涉险资/社保公告;险资无每日数据,默认视为中性。"
2026-07-27,retail,-1,高,沪市融资余额环比 -80亿。
2026-07-27,national_team,0,中,"宽基ETF成交平稳,未见国家队明显动作。"
2026-07-28,retail,1,高,沪市融资余额环比 +137亿。
2026-07-28,hot_money,0,高,"知名游资席位 4 个上榜,合计净买入 -0.3亿。"
2026-07-28,mutual_fund,1,中,全市场ETF份额环比 +0.36%(申赎代理);近7天新发权益基金 2亿份。
2026-07-28,national_team,0,中,"宽基ETF成交平稳,未见国家队明显动作。"
2026-07-28,industrial,0,高,回购公告 25 家;大宗溢价成交占比 1%。
2026-07-28,quant,0,中,"小微盘成交占比较20日均值偏离 +0.4pp,代理量化策略活跃度变化。"
2026-07-28,insurance_social,0,低,"无涉险资/社保公告;险资无每日数据,默认视为中性。"
2026-07-29,mutual_fund,1,中,全市场ETF份额环比 +0.63%(申赎代理);近7天新发权益基金 0亿份。
2026-07-29,industrial,0,高,回购公告 23 家;大宗溢价成交占比 2%。
2026-07-29,hot_money,1,高,"知名游资席位 1 个上榜,合计净买入 +1.4亿。"
2026-07-29,national_team,0,中,"宽基ETF成交平稳,未见国家队明显动作。"
2026-07-29,quant,0,中,"小微盘成交占比较20日均值偏离 -0.4pp,代理量化策略活跃度变化。"
2026-07-29,retail,-1,高,沪市融资余额环比 -153亿。
2026-07-29,insurance_social,0,低,"无涉险资/社保公告;险资无每日数据,默认视为中性。"
2026-07-30,national_team,0,中,"宽基ETF成交平稳,未见国家队明显动作。"
2026-07-30,industrial,1,高,回购公告 22 家;大宗溢价成交占比 13%。
2026-07-30,insurance_social,0,低,"无涉险资/社保公告;险资无每日数据,默认视为中性。"
2026-07-30,quant,,低,"指数数据缺失,无法计算小微盘成交占比。"
2026-07-30,retail,,高,资金流与两融数据均缺失。
2026-07-30,mutual_fund,1,中,全市场ETF份额环比 +0.40%(申赎代理);近7天新发权益基金 0亿份。
2026-07-30,hot_money,0,高,"知名游资席位 1 个上榜,合计净买入 -0.1亿。"
2026-07-31,insurance_social,0,低,"无涉险资/社保公告;险资无每日数据,默认视为中性。"
2026-07-31,national_team,0,中,"宽基ETF成交平稳,未见国家队明显动作。"
2026-07-31,mutual_fund,1,中,全市场ETF份额环比 +0.83%(申赎代理);近7天新发权益基金 1亿份。
2026-07-31,retail,,高,资金流与两融数据均缺失。
2026-07-31,industrial,0,高,回购公告 22 家;大宗溢价成交占比 0%。
2026-07-31,quant,,低,"指数数据缺失,无法计算小微盘成交占比。"
2026-07-31,hot_money,-1,高,"知名游资席位 4 个上榜,合计净买入 -0.9亿。"
2026-08-03,national_team,0,中,"宽基ETF成交平稳,未见国家队明显动作。"
2026-08-03,insurance_social,0,低,"无涉险资/社保公告;险资无每日数据,默认视为中性。"
2026-08-03,mutual_fund,-1,中,全市场ETF份额环比 -0.41%(申赎代理);近7天新发权益基金 1亿份。
2026-08-03,quant,,低,"指数数据缺失,无法计算小微盘成交占比。"
2026-08-03,retail,,高,资金流与两融数据均缺失。
2026-08-03,hot_money,0,高,"知名游资席位 2 个上榜,合计净买入 -0.0亿。"
2026-08-03,industrial,-1,高,回购公告 16 家;大宗溢价成交占比 1%。
2026-08-04,hot_money,0,高,"知名游资席位 3 个上榜,合计净买入 +0.5亿。"
2026-08-04,insurance_social,0,低,"无涉险资/社保公告;险资无每日数据,默认视为中性。"
2026-08-04,industrial,0,高,回购公告 26 家;大宗溢价成交占比 3%。
2026-08-04,mutual_fund,1,中,全市场ETF份额环比 +0.65%(申赎代理);近7天新发权益基金 1亿份。
2026-08-04,retail,-1,高,沪市融资余额环比 -41亿。
2026-08-04,national_team,0,中,"宽基ETF成交平稳,未见国家队明显动作。"
2026-08-04,quant,,低,"指数数据缺失,无法计算小微盘成交占比。"
2026-08-05,quant,,低,"指数数据缺失,无法计算小微盘成交占比。"
2026-08-05,national_team,,低,"ETF数据缺失,无法判断。"
2026-08-05,industrial,2,高,回购公告 24 家;大宗溢价成交占比 31%。
2026-08-05,hot_money,0,高,"知名游资席位 2 个上榜,合计净买入 -0.3亿。"
2026-08-05,retail,,高,资金流与两融数据均缺失。
2026-08-05,mutual_fund,0,低,ETF份额环比待历史累积;近7天新发权益基金 0亿份。
2026-08-05,insurance_social,0,低,"无涉险资/社保公告;险资无每日数据,默认视为中性。"
2026-08-06,mutual_fund,0,中,全市场ETF份额环比 +nan%(申赎代理);近7天新发权益基金 0亿份。
2026-08-06,insurance_social,0,低,"无涉险资/社保公告;险资无每日数据,默认视为中性。"
2026-08-06,hot_money,0,高,"知名游资席位 2 个上榜,合计净买入 +0.1亿。"
2026-08-06,industrial,0,高,回购公告 14 家;大宗溢价成交占比 13%。
2026-08-06,retail,1,高,沪市融资余额环比 +60亿。
2026-08-06,quant,0,中,"小微盘成交占比较20日均值偏离 +1.6pp,代理量化策略活跃度变化。"
2026-08-06,national_team,0,中,"宽基ETF成交平稳,未见国家队明显动作。"
2026-08-07,mutual_fund,-1,中,全市场ETF份额环比 -0.52%(申赎代理);近7天新发权益基金 0亿份。
2026-08-07,industrial,-1,高,回购公告 12 家;大宗溢价成交占比 1%。
2026-08-07,insurance_social,0,低,"无涉险资/社保公告;险资无每日数据,默认视为中性。"
2026-08-07,hot_money,0,高,"知名游资席位 2 个上榜,合计净买入 +0.0亿。"
2026-08-07,national_team,0,中,"宽基ETF成交平稳,未见国家队明显动作。"
2026-08-07,quant,0,中,"小微盘成交占比较20日均值偏离 +1.5pp,代理量化策略活跃度变化。"
2026-08-07,retail,1,高,沪市融资余额环比 +49亿。
2026-08-10,quant,1,中,"小微盘成交占比较20日均值偏离 +2.0pp,代理量化策略活跃度变化。"
2026-08-10,hot_money,0,高,"知名游资席位 2 个上榜,合计净买入 +0.1亿。"
2026-08-10,industrial,-1,中,净增持家数 -8;回购公告 5 家;大宗溢价成交占比 9%。
2026-08-10,insurance_social,0,低,"无涉险资/社保公告;险资无每日数据,默认视为中性。"
2026-08-10,mutual_fund,-1,中,全市场ETF份额环比 -0.58%(申赎代理);近7天新发权益基金 6亿份。
2026-08-10,retail,1,中,沪市融资余额环比 +43亿。
2026-08-10,national_team,0,中,"宽基ETF成交平稳,未见国家队明显动作。"
2026-08-11,quant,0,中,"小微盘成交占比较20日均值偏离 +2.0pp,代理量化策略活跃度变化。"
2026-08-11,insurance_social,0,低,"无涉险资/社保公告;险资无每日数据,默认视为中性。"
2026-08-11,hot_money,0,高,"知名游资席位 3 个上榜,合计净买入 +0.1亿。"
2026-08-11,retail,1,中,沪市融资余额环比 +55亿。
2026-08-11,national_team,0,中,"宽基ETF成交平稳,未见国家队明显动作。"
2026-08-11,industrial,-2,中,净增持家数 -13;回购公告 14 家;大宗溢价成交占比 2%。
2026-08-11,mutual_fund,-1,中,全市场ETF份额环比 -0.43%(申赎代理);近7天新发权益基金 11亿份。
2026-08-12,quant,,低,"指数数据缺失,无法计算小微盘成交占比。"
2026-08-12,insurance_social,0,低,"无涉险资/社保公告;险资无每日数据,默认视为中性。"
2026-08-12,industrial,-2,中,净增持家数 -17;回购公告 6 家;大宗溢价成交占比 0%。
2026-08-12,mutual_fund,0,中,全市场ETF份额环比 -0.22%(申赎代理);近7天新发权益基金 5亿份。
2026-08-12,national_team,0,中,"宽基ETF成交平稳,未见国家队明显动作。"
2026-08-12,hot_money,0,高,"知名游资席位 4 个上榜,合计净买入 -0.3亿。"
2026-08-12,retail,1,中,沪市融资余额环比 +55亿。
2026-08-13,industrial,-2,中,净增持家数 -11;回购公告 10 家;大宗溢价成交占比 0%。
2026-08-13,hot_money,0,高,"知名游资席位 1 个上榜,合计净买入 +0.2亿。"
2026-08-13,quant,1,中,"小微盘成交占比较20日均值偏离 +2.6pp,代理量化策略活跃度变化。"
2026-08-13,mutual_fund,0,中,全市场ETF份额环比 -0.06%(申赎代理);近7天新发权益基金 1亿份。
2026-08-13,insurance_social,0,低,"无涉险资/社保公告;险资无每日数据,默认视为中性。"
2026-08-13,national_team,0,中,"宽基ETF成交平稳,未见国家队明显动作。"
2026-08-13,retail,1,中,沪市融资余额环比 +48亿。
